flight_id,flight_no,airline,date,time,port,status,status_code,flight_type,last_updated
5Y 5528_2026-09-11,5Y 5528,GTI,2026-09-11,04:30,AMS,Cancelled,,arrival,2026-09-14T14:39:22+08:00
RH 459D_2026-09-11,RH 459D,HKC,2026-09-11,06:10,TPE,Est at 15:58 (14/09/2026),,arrival,2026-09-14T14:39:22+08:00
CX 3275_2026-09-11,CX 3275,CPA,2026-09-11,22:25,"IAH,ANC",At gate 04:34 (14/09/2026),,arrival,2026-09-14T14:39:22+08:00
RH 318_2026-09-12,RH 318,HKC,2026-09-12,13:00,HAN,At gate 04:11 (14/09/2026),,arrival,2026-09-14T14:39:22+08:00
RH 372_2026-09-12,RH 372,HKC,2026-09-12,20:40,SIN,At gate 06:10 (14/09/2026),,arrival,2026-09-14T14:39:22+08:00
RH 704_2026-09-13,RH 704,HKC,2026-09-13,01:10,BNE,Est at 20:24 (14/09/2026),,arrival,2026-09-14T14:39:22+08:00
5Y 5579_2026-09-13,5Y 5579,GTI,2026-09-13,11:20,AMS,Cancelled,,arrival,2026-09-14T14:39:22+08:00
5Y 8373_2026-09-13,5Y 8373,GTI,2026-09-13,13:00,HAN,At gate 01:10 (14/09/2026),,arrival,2026-09-14T14:39:22+08:00
RH 830_2026-09-13,RH 830,HKC,2026-09-13,13:30,PVG,At gate 08:12 (14/09/2026),,arrival,2026-09-14T14:39:22+08:00
RH 332_2026-09-13,RH 332,HKC,2026-09-13,15:10,BKK,At gate 13:00 (14/09/2026),,arrival,2026-09-14T14:39:22+08:00
CV 4806_2026-09-13,CV 4806,CLX,2026-09-13,16:35,LUX,At gate 02:25 (14/09/2026),,arrival,2026-09-14T14:39:22+08:00
C8 9266_2026-09-13,C8 9266,ICV,2026-09-13,17:30,"MXP,NRT",Est at 15:45 (14/09/2026),,arrival,2026-09-14T14:39:22+08:00
F5 8817_2026-09-13,F5 8817,ATG,2026-09-13,21:00,KTM,At gate 00:10 (14/09/2026),,arrival,2026-09-14T14:39:22+08:00
WW 861_2026-09-13,WW 861,KXP,2026-09-13,21:45,BKI,At gate 00:15 (14/09/2026),,arrival,2026-09-14T14:39:22+08:00
CV 7956_2026-09-13,CV 7956,CLX,2026-09-13,22:40,"LUX,ASB,HAN",At gate 00:07 (14/09/2026),,arrival,2026-09-14T14:39:22+08:00
5Y 9223_2026-09-13,5Y 9223,GTI,2026-09-13,23:20,ORD,At gate 02:49 (14/09/2026),,arrival,2026-09-14T14:39:22+08:00
KZ 203_2026-09-14,KZ 203,NCA,2026-09-14,00:10,NRT,At gate 01:29,,arrival,2026-09-14T14:39:22+08:00
5X 168_2026-09-14,5X 168,UPS,2026-09-14,00:20,"SDF,SIN,PEN,SGN",At gate 00:02,,arrival,2026-09-14T14:39:22+08:00
CX 3348_2026-09-14,CX 3348,CPA,2026-09-14,01:05,"CGK,HAN",At gate 01:42,,arrival,2026-09-14T14:39:22+08:00
KE 313_2026-09-14,KE 313,KAL,2026-09-14,01:10,ICN,At gate 00:43,,arrival,2026-09-14T14:39:22+08:00
CX 078_2026-09-14,CX 078,CPA,2026-09-14,01:20,"SIN,PEN,KTI",At gate 00:58,,arrival,2026-09-14T14:39:22+08:00
BR 6529_2026-09-14,BR 6529,EVA,2026-09-14,01:50,TPE,At gate 03:05,,arrival,2026-09-14T14:39:22+08:00
3S 590_2026-09-14,3S 590,BOX,2026-09-14,02:15,"LEJ,NRT",At gate 01:36,,arrival,2026-09-14T14:39:22+08:00
SV 982_2026-09-14,SV 982,SVA,2026-09-14,02:15,RUH,Cancelled,,arrival,2026-09-14T14:39:22+08:00
QR 8454_2026-09-14,QR 8454,QTR,2026-09-14,02:20,"DOH,ALA",At gate 01:51,,arrival,2026-09-14T14:39:22+08:00
RH 963_2026-09-14,RH 963,HKC,2026-09-14,02:30,KIX,At gate 23:07 (13/09/2026),,arrival,2026-09-14T14:39:22+08:00
CX 083_2026-09-14,CX 083,CPA,2026-09-14,02:40,"PDX,ANC",At gate 02:30,,arrival,2026-09-14T14:39:22+08:00
QR 8410_2026-09-14,QR 8410,QTR,2026-09-14,02:50,DOH,At gate 02:40,,arrival,2026-09-14T14:39:22+08:00
3S 628_2026-09-14,3S 628,BOX,2026-09-14,03:00,"FRA,ALA",At gate 03:02,,arrival,2026-09-14T14:39:22+08:00
QR 8408_2026-09-14,QR 8408,QTR,2026-09-14,03:00,"DOH,SIN",At gate 02:50,,arrival,2026-09-14T14:39:22+08:00
EK 9862_2026-09-14,EK 9862,UAE,2026-09-14,03:25,DWC,At gate 03:48,,arrival,2026-09-14T14:39:22+08:00
HJ 121_2026-09-14,HJ 121,TMN,2026-09-14,04:05,SYD,At gate 04:02,,arrival,2026-09-14T14:39:22+08:00
RH 830_2026-09-14,RH 830,HKC,2026-09-14,04:20,PVG,Cancelled,,arrival,2026-09-14T14:39:22+08:00
CK 263_2026-09-14,CK 263,CKK,2026-09-14,04:45,PVG,Cancelled,,arrival,2026-09-14T14:39:22+08:00
CX 085_2026-09-14,CX 085,CPA,2026-09-14,04:55,JFK,At gate 12:15,,arrival,2026-09-14T14:39:22+08:00
CI 5827_2026-09-14,CI 5827,CAL,2026-09-14,05:05,TPE,At gate 05:35,,arrival,2026-09-14T14:39:22+08:00
3S 580_2026-09-14,3S 580,BOX,2026-09-14,05:15,"LEJ,ICN",At gate 05:01,,arrival,2026-09-14T14:39:22+08:00
SR 814_2026-09-14,SR 814,XKY,2026-09-14,05:15,MNL,At gate 05:57,,arrival,2026-09-14T14:39:22+08:00
EK 9780_2026-09-14,EK 9780,UAE,2026-09-14,06:40,DWC,At gate 07:32,,arrival,2026-09-14T14:39:22+08:00
CX 068_2026-09-14,CX 068,CPA,2026-09-14,07:00,"FRA,MXP",At gate 10:33,,arrival,2026-09-14T14:39:22+08:00
ET 3784_2026-09-14,ET 3784,ETH,2026-09-14,07:00,MAD,Cancelled,,arrival,2026-09-14T14:39:22+08:00
CX 2018_2026-09-14,CX 2018,CPA,2026-09-14,07:35,MAA,At gate 07:42,,arrival,2026-09-14T14:39:22+08:00
N8 8844_2026-09-14,N8 8844,NCR,2026-09-14,07:40,AUH,At gate 07:15,,arrival,2026-09-14T14:39:22+08:00
EK 9848_2026-09-14,EK 9848,UAE,2026-09-14,08:10,DWC,At gate 08:21,,arrival,2026-09-14T14:39:22+08:00
RH 9458_2026-09-14,RH 9458,HKC,2026-09-14,08:25,DEL,Est at 06:40 (15/09/2026),,arrival,2026-09-14T14:39:22+08:00
5X 054_2026-09-14,5X 054,UPS,2026-09-14,08:35,"SDF,ANC,TPE",At gate 08:28,,arrival,2026-09-14T14:39:22+08:00
SQ 7974_2026-09-14,SQ 7974,SIA,2026-09-14,08:40,SIN,At gate 08:03,,arrival,2026-09-14T14:39:22+08:00
5X 046_2026-09-14,5X 046,UPS,2026-09-14,08:40,TPE,Cancelled,,arrival,2026-09-14T14:39:22+08:00
RH 9376_2026-09-14,RH 9376,HKC,2026-09-14,09:00,MAA,Est at 22:25,,arrival,2026-09-14T14:39:22+08:00
7L 647_2026-09-14,7L 647,AZG,2026-09-14,09:30,DMM,At gate 11:49,,arrival,2026-09-14T14:39:22+08:00
CV 9937_2026-09-14,CV 9937,CLX,2026-09-14,09:35,LUX,Est at 23:30,,arrival,2026-09-14T14:39:22+08:00
K4 701_2026-09-14,K4 701,CKS,2026-09-14,10:00,TLV,Est at 14:42,,arrival,2026-09-14T14:39:22+08:00
TK 6300_2026-09-14,TK 6300,THY,2026-09-14,10:35,"IST,TAS",At gate 10:26,,arrival,2026-09-14T14:39:22+08:00
CV 4167_2026-09-14,CV 4167,CLX,2026-09-14,10:45,"LUX,MCT",Est at 17:17,,arrival,2026-09-14T14:39:22+08:00
KE 8313_2026-09-14,KE 8313,KAL,2026-09-14,10:55,ICN,At gate 11:33,,arrival,2026-09-14T14:39:22+08:00
RH 4569_2026-09-14,RH 4569,HKC,2026-09-14,11:00,TPE,At gate 03:45,,arrival,2026-09-14T14:39:22+08:00
5X 060_2026-09-14,5X 060,UPS,2026-09-14,11:20,"SDF,ANC",At gate 11:24,,arrival,2026-09-14T14:39:22+08:00
3S 718_2026-09-14,3S 718,BOX,2026-09-14,12:05,LEJ,At gate 11:54,,arrival,2026-09-14T14:39:22+08:00
CP 191_2026-09-14,CP 191,LSI,2026-09-14,12:35,MXP,At gate 12:09,,arrival,2026-09-14T14:39:22+08:00
KZ 209_2026-09-14,KZ 209,NCA,2026-09-14,12:45,NRT,At gate 14:36,,arrival,2026-09-14T14:39:22+08:00
5X 058_2026-09-14,5X 058,UPS,2026-09-14,12:45,"HNL,GUM,CRK",At gate 13:03,,arrival,2026-09-14T14:39:22+08:00
5X 004_2026-09-14,5X 004,UPS,2026-09-14,12:50,CGN,Cancelled,,arrival,2026-09-14T14:39:22+08:00
3S 714_2026-09-14,3S 714,BOX,2026-09-14,13:20,"LEJ,DXB",Est at 15:06,,arrival,2026-09-14T14:39:22+08:00
CX 2048_2026-09-14,CX 2048,CPA,2026-09-14,13:25,HAN,At gate 14:07,,arrival,2026-09-14T14:39:22+08:00
WW 861_2026-09-14,WW 861,KXP,2026-09-14,13:45,BKI,Cancelled,,arrival,2026-09-14T14:39:22+08:00
5X 002_2026-09-14,5X 002,UPS,2026-09-14,14:10,"PHL,CGN",At gate 14:01,,arrival,2026-09-14T14:39:22+08:00
5X 018_2026-09-14,5X 018,UPS,2026-09-14,14:25,CGN,Cancelled,,arrival,2026-09-14T14:39:22+08:00
5Y 8537_2026-09-14,5Y 8537,GTI,2026-09-14,14:30,HNL,Est at 04:10 (15/09/2026),,arrival,2026-09-14T14:39:22+08:00
ET 3618_2026-09-14,ET 3618,ETH,2026-09-14,14:40,"ADD,ICN",At gate 13:34,,arrival,2026-09-14T14:39:22+08:00
KE 311_2026-09-14,KE 311,KAL,2026-09-14,14:40,ICN,Landed 14:28,,arrival,2026-09-14T14:39:22+08:00
EK 9796_2026-09-14,EK 9796,UAE,2026-09-14,14:40,DWC,Est at 14:51,,arrival,2026-09-14T14:39:22+08:00
3S 520_2026-09-14,3S 520,BOX,2026-09-14,14:45,"LEJ,BAH",Est at 14:39,,arrival,2026-09-14T14:39:22+08:00
RH 318_2026-09-14,RH 318,HKC,2026-09-14,14:50,HAN,Est at 19:30,,arrival,2026-09-14T14:39:22+08:00
QR 8400_2026-09-14,QR 8400,QTR,2026-09-14,15:15,DOH,Est at 16:31,,arrival,2026-09-14T14:39:22+08:00
CV 4327_2026-09-14,CV 4327,CLX,2026-09-14,15:50,LUX,Est at 15:53,,arrival,2026-09-14T14:39:22+08:00
3S 704_2026-09-14,3S 704,BOX,2026-09-14,16:10,"LEJ,MXP",Est at 15:29,,arrival,2026-09-14T14:39:22+08:00
EK 9002_2026-09-14,EK 9002,UAE,2026-09-14,16:25,DWC,Cancelled,,arrival,2026-09-14T14:39:22+08:00
FX 079_2026-09-14,FX 079,FDX,2026-09-14,16:30,"OAK,ANC",Est at 17:17,,arrival,2026-09-14T14:39:22+08:00
2C 574_2026-09-14,2C 574,CMA,2026-09-14,16:45,CDG,Est at 16:04,,arrival,2026-09-14T14:39:22+08:00
EK 9850_2026-09-14,EK 9850,UAE,2026-09-14,16:45,DWC,Est at 16:41,,arrival,2026-09-14T14:39:22+08:00
TH 640_2026-09-14,TH 640,RMY,2026-09-14,16:55,BKI,Est at 16:38,,arrival,2026-09-14T14:39:22+08:00
CX 008_2026-09-14,CX 008,CPA,2026-09-14,17:10,"LHR,CDG",Est at 17:03,,arrival,2026-09-14T14:39:22+08:00
TK 6063_2026-09-14,TK 6063,THY,2026-09-14,17:45,"IST,TBS",,,arrival,2026-09-14T14:39:22+08:00
AK 8545_2026-09-14,AK 8545,AXM,2026-09-14,18:15,BKI,Cancelled,,arrival,2026-09-14T14:39:22+08:00
7L 147_2026-09-14,7L 147,AZG,2026-09-14,18:15,GYD,,,arrival,2026-09-14T14:39:22+08:00
AK 8534_2026-09-14,AK 8534,AXM,2026-09-14,18:25,KCH,Est at 17:33,,arrival,2026-09-14T14:39:22+08:00
5Y 8523_2026-09-14,5Y 8523,GTI,2026-09-14,18:40,HAN,Cancelled,,arrival,2026-09-14T14:39:22+08:00
ET 3728_2026-09-14,ET 3728,ETH,2026-09-14,18:50,LGG,Cancelled,,arrival,2026-09-14T14:39:22+08:00
3V 401_2026-09-14,3V 401,TAY,2026-09-14,18:50,LGG,Cancelled,,arrival,2026-09-14T14:39:22+08:00
HE 1720_2026-09-14,HE 1720,HGO,2026-09-14,19:05,BSZ,Est at 19:27,,arrival,2026-09-14T14:39:22+08:00
CV 7337_2026-09-14,CV 7337,CLX,2026-09-14,19:30,"LUX,GYD,CGK",Est at 22:20,,arrival,2026-09-14T14:39:22+08:00
QR 8430_2026-09-14,QR 8430,QTR,2026-09-14,20:05,DOH,Est at 19:57,,arrival,2026-09-14T14:39:22+08:00
CX 3244_2026-09-14,CX 3244,CPA,2026-09-14,20:30,DEL,,,arrival,2026-09-14T14:39:22+08:00
EK 9836_2026-09-14,EK 9836,UAE,2026-09-14,21:00,DWC,Est at 21:02,,arrival,2026-09-14T14:39:22+08:00
CX 097_2026-09-14,CX 097,CPA,2026-09-14,21:15,"NLU,GDL,ANC",Est at 21:16,,arrival,2026-09-14T14:39:22+08:00
3S 582_2026-09-14,3S 582,BOX,2026-09-14,21:25,"LEJ,ICN",,,arrival,2026-09-14T14:39:22+08:00
D0 597_2026-09-14,D0 597,DHK,2026-09-14,21:45,"LEJ,BAH",,,arrival,2026-09-14T14:39:22+08:00
3G 800_2026-09-14,3G 800,WCM,2026-09-14,22:55,BKI,Est at 23:00,,arrival,2026-09-14T14:39:22+08:00
CX 3128_2026-09-14,CX 3128,CPA,2026-09-14,23:30,"SYD,MEL",Est at 23:00,,arrival,2026-09-14T14:39:22+08:00
N8 509_2026-09-14,N8 509,NCR,2026-09-14,23:40,MEL,,,arrival,2026-09-14T14:39:22+08:00
5Y 654D_2026-09-10,5Y 654D,GTI,2026-09-10,17:25,"ICN,ANC,ORD",Cancelled,,departure,2026-09-14T14:37:01+08:00
RH 458D_2026-09-11,RH 458D,HKC,2026-09-11,01:00,TPE,Dep 10:26 (14/09/2026),,departure,2026-09-14T14:37:01+08:00
RH 331_2026-09-13,RH 331,HKC,2026-09-13,07:00,BKK,Dep 05:17 (14/09/2026),,departure,2026-09-14T14:37:01+08:00
RH 829_2026-09-13,RH 829,HKC,2026-09-13,07:20,PVG,Dep 00:49 (14/09/2026),,departure,2026-09-14T14:37:01+08:00
5Y 8373_2026-09-13,5Y 8373,GTI,2026-09-13,15:00,"ANC,MIA",Dep 04:12 (14/09/2026),,departure,2026-09-14T14:37:01+08:00
RH 9457_2026-09-13,RH 9457,HKC,2026-09-13,18:20,DEL,Est at 17:10 (14/09/2026),,departure,2026-09-14T14:37:01+08:00
CV 226_2026-09-13,CV 226,CLX,2026-09-13,18:35,"ANC,JFK,LUX",Dep 04:24 (14/09/2026),,departure,2026-09-14T14:37:01+08:00
RH 9375_2026-09-13,RH 9375,HKC,2026-09-13,20:15,MAA,Dep 09:51 (14/09/2026),,departure,2026-09-14T14:37:01+08:00
SV 3967_2026-09-13,SV 3967,SVA,2026-09-13,21:35,RUH,Dep 01:00 (14/09/2026),,departure,2026-09-14T14:37:01+08:00
WW 862_2026-09-13,WW 862,KXP,2026-09-13,22:45,KUL,Dep 02:08 (14/09/2026),,departure,2026-09-14T14:37:01+08:00
SR 813_2026-09-13,SR 813,XKY,2026-09-13,23:15,MNL,Dep 00:40 (14/09/2026),,departure,2026-09-14T14:37:01+08:00
TH 671_2026-09-13,TH 671,RMY,2026-09-13,23:55,KUL,Dep 01:04 (14/09/2026),,departure,2026-09-14T14:37:01+08:00
EY 948_2026-09-14,EY 948,ETD,2026-09-14,00:30,AUH,Dep 00:18,,departure,2026-09-14T14:37:01+08:00
ET 3767_2026-09-14,ET 3767,ETH,2026-09-14,00:40,LGG,Cancelled,,departure,2026-09-14T14:37:01+08:00
CV 7957_2026-09-14,CV 7957,CLX,2026-09-14,00:40,"NQZ,LUX",Dep 02:34,,departure,2026-09-14T14:37:01+08:00
CX 096_2026-09-14,CX 096,CPA,2026-09-14,01:30,"ANC,NLU",Dep 01:21,,departure,2026-09-14T14:37:01+08:00
5X 169_2026-09-14,5X 169,UPS,2026-09-14,01:35,"SIN,SDF",Dep 01:34,,departure,2026-09-14T14:37:01+08:00
TK 6257_2026-09-14,TK 6257,THY,2026-09-14,01:40,IST,Dep 01:37,,departure,2026-09-14T14:37:01+08:00
KZ 202_2026-09-14,KZ 202,NCA,2026-09-14,02:25,NRT,Dep 04:02,,departure,2026-09-14T14:37:01+08:00
LD 680_2026-09-14,LD 680,AHK,2026-09-14,02:40,TPE,Dep 02:36,,departure,2026-09-14T14:37:01+08:00
KE 314_2026-09-14,KE 314,KAL,2026-09-14,03:10,ICN,Dep 02:56,,departure,2026-09-14T14:37:01+08:00
BR 6530_2026-09-14,BR 6530,EVA,2026-09-14,03:50,TPE,Dep 04:13,,departure,2026-09-14T14:37:01+08:00
QR 8415_2026-09-14,QR 8415,QTR,2026-09-14,04:20,DOH,Dep 04:03,,departure,2026-09-14T14:37:01+08:00
QR 8411_2026-09-14,QR 8411,QTR,2026-09-14,04:50,DOH,Dep 04:22,,departure,2026-09-14T14:37:01+08:00
QR 8435_2026-09-14,QR 8435,QTR,2026-09-14,05:00,DOH,Dep 04:47,,departure,2026-09-14T14:37:01+08:00
EK 9863_2026-09-14,EK 9863,UAE,2026-09-14,05:25,DWC,Dep 05:14,,departure,2026-09-14T14:37:01+08:00
RH 4568_2026-09-14,RH 4568,HKC,2026-09-14,05:50,TPE,Dep 22:56 (13/09/2026),,departure,2026-09-14T14:37:01+08:00
3S 633_2026-09-14,3S 633,BOX,2026-09-14,06:00,"DWC,FRA",Dep 05:40,,departure,2026-09-14T14:37:01+08:00
HQ 5211_2026-09-14,HQ 5211,ADZ,2026-09-14,06:50,MBA,Est at 16:30,,departure,2026-09-14T14:37:01+08:00
CX 3286_2026-09-14,CX 3286,CPA,2026-09-14,06:55,"ANC,JFK",Dep 06:53,,departure,2026-09-14T14:37:01+08:00
CK 264_2026-09-14,CK 264,CKK,2026-09-14,07:00,CKG,Cancelled,,departure,2026-09-14T14:37:01+08:00
F5 6613_2026-09-14,F5 6613,ATG,2026-09-14,07:00,DWC,Dep 07:14,,departure,2026-09-14T14:37:01+08:00
CI 5828_2026-09-14,CI 5828,CAL,2026-09-14,07:05,TPE,Dep 06:55,,departure,2026-09-14T14:37:01+08:00
SV 983_2026-09-14,SV 983,SVA,2026-09-14,07:15,RUH,Cancelled,,departure,2026-09-14T14:37:01+08:00
F5 8817_2026-09-14,F5 8817,ATG,2026-09-14,07:15,SHJ,Cancelled,,departure,2026-09-14T14:37:01+08:00
CX 2049_2026-09-14,CX 2049,CPA,2026-09-14,07:15,HAN,Dep 07:46,,departure,2026-09-14T14:37:01+08:00
CX 3245_2026-09-14,CX 3245,CPA,2026-09-14,07:20,DEL,Dep 07:19,,departure,2026-09-14T14:37:01+08:00
K4 253_2026-09-14,K4 253,CKS,2026-09-14,07:25,"ANC,CVG",Dep 08:05,,departure,2026-09-14T14:37:01+08:00
SR 815_2026-09-14,SR 815,XKY,2026-09-14,07:30,CRK,,,departure,2026-09-14T14:37:01+08:00
NJ 8813_2026-09-14,NJ 8813,RCR,2026-09-14,08:20,"DWC,LEJ",Cancelled,,departure,2026-09-14T14:37:01+08:00
EK 9781_2026-09-14,EK 9781,UAE,2026-09-14,08:40,DWC,Dep 09:01,,departure,2026-09-14T14:37:01+08:00
3S 580_2026-09-14,3S 580,BOX,2026-09-14,08:45,CVG,Dep 08:35,,departure,2026-09-14T14:37:01+08:00
RH 317_2026-09-14,RH 317,HKC,2026-09-14,09:20,HAN,Est at 14:00,,departure,2026-09-14T14:37:01+08:00
ET 3035_2026-09-14,ET 3035,ETH,2026-09-14,09:30,ADD,Cancelled,,departure,2026-09-14T14:37:01+08:00
CX 098_2026-09-14,CX 098,CPA,2026-09-14,09:50,"ANC,ORD",Est at 19:20,,departure,2026-09-14T14:37:01+08:00
EK 9849_2026-09-14,EK 9849,UAE,2026-09-14,10:10,DWC,Dep 10:05,,departure,2026-09-14T14:37:01+08:00
SQ 7974_2026-09-14,SQ 7974,SIA,2026-09-14,10:40,"ANC,LAX",Dep 10:24,,departure,2026-09-14T14:37:01+08:00
N8 8845_2026-09-14,N8 8845,NCR,2026-09-14,10:40,"AUH,NBO",Dep 10:25,,departure,2026-09-14T14:37:01+08:00
CV 753_2026-09-14,CV 753,CLX,2026-09-14,11:35,"GYD,LUX",Est at 01:00 (15/09/2026),,departure,2026-09-14T14:37:01+08:00
7L 648_2026-09-14,7L 648,AZG,2026-09-14,11:40,GYD,Dep 13:18,,departure,2026-09-14T14:37:01+08:00
5Y 8230_2026-09-14,5Y 8230,GTI,2026-09-14,11:50,"ANC,MIA",Est at 21:20,,departure,2026-09-14T14:37:01+08:00
T8 4728_2026-09-14,T8 4728,TVR,2026-09-14,12:00,DMM,Dep 11:53,,departure,2026-09-14T14:37:01+08:00
CX 3749_2026-09-14,CX 3749,CPA,2026-09-14,12:30,BOM,Dep 13:04,,departure,2026-09-14T14:37:01+08:00
KE 8314_2026-09-14,KE 8314,KAL,2026-09-14,12:55,ICN,Dep 13:08,,departure,2026-09-14T14:37:01+08:00
RH 9631_2026-09-14,RH 9631,HKC,2026-09-14,13:00,NMI,Dep 13:01,,departure,2026-09-14T14:37:01+08:00
TK 6301_2026-09-14,TK 6301,THY,2026-09-14,13:05,"CIT,IST",Dep 12:53,,departure,2026-09-14T14:37:01+08:00
CV 283_2026-09-14,CV 283,CLX,2026-09-14,13:10,"ANC,GDL,NLU,LUX",Est at 18:25,,departure,2026-09-14T14:37:01+08:00
ET 3795_2026-09-14,ET 3795,ETH,2026-09-14,13:10,"MCT,LOS,GRU,ADD",Est at 05:45 (15/09/2026),,departure,2026-09-14T14:37:01+08:00
5X 065_2026-09-14,5X 065,UPS,2026-09-14,13:20,"ANC,SDF",Dep 13:08,,departure,2026-09-14T14:37:01+08:00
3S 719_2026-09-14,3S 719,BOX,2026-09-14,14:05,LEJ,Dep 13:45,,departure,2026-09-14T14:37:01+08:00
CT 161_2026-09-14,CT 161,AAE,2026-09-14,14:20,DWC,Est at 16:00,,departure,2026-09-14T14:37:01+08:00
KZ 206_2026-09-14,KZ 206,NCA,2026-09-14,14:40,NRT,Est at 16:00,,departure,2026-09-14T14:37:01+08:00
WW 862_2026-09-14,WW 862,KXP,2026-09-14,14:45,KUL,Cancelled,,departure,2026-09-14T14:37:01+08:00
CP 182_2026-09-14,CP 182,LSI,2026-09-14,15:35,OTP,,,departure,2026-09-14T14:37:01+08:00
5X 001_2026-09-14,5X 001,UPS,2026-09-14,15:40,"CGN,PHL",,,departure,2026-09-14T14:37:01+08:00
5X 061_2026-09-14,5X 061,UPS,2026-09-14,16:05,"TPE,ANC,SDF",,,departure,2026-09-14T14:37:01+08:00
P9 881_2026-09-14,P9 881,MGE,2026-09-14,16:10,GUM,Est at 16:30,,departure,2026-09-14T14:37:01+08:00
ET 3685_2026-09-14,ET 3685,ETH,2026-09-14,16:25,ADD,Est at 14:35,,departure,2026-09-14T14:37:01+08:00
KE 312_2026-09-14,KE 312,KAL,2026-09-14,16:40,ICN,,,departure,2026-09-14T14:37:01+08:00
EK 9797_2026-09-14,EK 9797,UAE,2026-09-14,16:40,DWC,,,departure,2026-09-14T14:37:01+08:00
RH 6651_2026-09-14,RH 6651,HKC,2026-09-14,16:45,DAC,Est at 22:15,,departure,2026-09-14T14:37:01+08:00
CX 3137_2026-09-14,CX 3137,CPA,2026-09-14,17:00,LGG,,,departure,2026-09-14T14:37:01+08:00
3S 519_2026-09-14,3S 519,BOX,2026-09-14,17:15,LEJ,Est at 17:00,,departure,2026-09-14T14:37:01+08:00
QR 8401_2026-09-14,QR 8401,QTR,2026-09-14,17:15,DOH,Est at 19:15,,departure,2026-09-14T14:37:01+08:00
CV 278_2026-09-14,CV 278,CLX,2026-09-14,17:50,"ANC,ORD,LUX",,,departure,2026-09-14T14:37:01+08:00
TH 641_2026-09-14,TH 641,RMY,2026-09-14,18:00,KUL,,,departure,2026-09-14T14:37:01+08:00
EK 9001_2026-09-14,EK 9001,UAE,2026-09-14,18:00,DWC,Cancelled,,departure,2026-09-14T14:37:01+08:00
5X 053_2026-09-14,5X 053,UPS,2026-09-14,18:05,"ANC,SDF",Cancelled,,departure,2026-09-14T14:37:01+08:00
CX 2041_2026-09-14,CX 2041,CPA,2026-09-14,18:20,MAA,,,departure,2026-09-14T14:37:01+08:00
EK 9851_2026-09-14,EK 9851,UAE,2026-09-14,18:45,DWC,,,departure,2026-09-14T14:37:01+08:00
5X 063_2026-09-14,5X 063,UPS,2026-09-14,19:05,"ANC,SDF",,,departure,2026-09-14T14:37:01+08:00
2C 575_2026-09-14,2C 575,CMA,2026-09-14,19:30,"ESB,CDG",,,departure,2026-09-14T14:37:01+08:00
AK 8546_2026-09-14,AK 8546,AXM,2026-09-14,19:45,KUL,Cancelled,,departure,2026-09-14T14:37:01+08:00
5X 059_2026-09-14,5X 059,UPS,2026-09-14,19:45,"ANC,ONT",,,departure,2026-09-14T14:37:01+08:00
FX 5991_2026-09-14,FX 5991,FDX,2026-09-14,19:50,"KIX,OAK",,,departure,2026-09-14T14:37:01+08:00
TK 6065_2026-09-14,TK 6065,THY,2026-09-14,19:55,"CIT,IST",,,departure,2026-09-14T14:37:01+08:00
AK 8535_2026-09-14,AK 8535,AXM,2026-09-14,19:55,KUL,,,departure,2026-09-14T14:37:01+08:00
K4 702_2026-09-14,K4 702,CKS,2026-09-14,20:00,"GYD,TLV",Est at 20:45,,departure,2026-09-14T14:37:01+08:00
7L 147_2026-09-14,7L 147,AZG,2026-09-14,20:25,GYD,,,departure,2026-09-14T14:37:01+08:00
CX 054_2026-09-14,CX 054,CPA,2026-09-14,20:45,"CGO,PVG",,,departure,2026-09-14T14:37:01+08:00
3V 400_2026-09-14,3V 400,TAY,2026-09-14,20:50,"DWC,LGG",Cancelled,,departure,2026-09-14T14:37:01+08:00
5Y 8523_2026-09-14,5Y 8523,GTI,2026-09-14,21:00,ANC,Cancelled,,departure,2026-09-14T14:37:01+08:00
C6 7632_2026-09-14,C6 7632,MFX,2026-09-14,21:00,DEL,Est at 06:30 (15/09/2026),,departure,2026-09-14T14:37:01+08:00
5Y 8692_2026-09-14,5Y 8692,GTI,2026-09-14,21:05,ANC,Cancelled,,departure,2026-09-14T14:37:01+08:00
RH 351_2026-09-14,RH 351,HKC,2026-09-14,21:20,MNL,Est at 22:00,,departure,2026-09-14T14:37:01+08:00
ET 3229_2026-09-14,ET 3229,ETH,2026-09-14,21:30,ADD,Cancelled,,departure,2026-09-14T14:37:01+08:00
CX 3262_2026-09-14,CX 3262,CPA,2026-09-14,21:35,CKG,,,departure,2026-09-14T14:37:01+08:00
HE 1710_2026-09-14,HE 1710,HGO,2026-09-14,21:35,GYD,,,departure,2026-09-14T14:37:01+08:00
3S 704_2026-09-14,3S 704,BOX,2026-09-14,21:40,CVG,,,departure,2026-09-14T14:37:01+08:00
CV 7331_2026-09-14,CV 7331,CLX,2026-09-14,22:00,"NQZ,LUX",Est at 00:20 (15/09/2026),,departure,2026-09-14T14:37:01+08:00
QR 8431_2026-09-14,QR 8431,QTR,2026-09-14,22:35,DOH,,,departure,2026-09-14T14:37:01+08:00
EK 9837_2026-09-14,EK 9837,UAE,2026-09-14,23:00,DWC,,,departure,2026-09-14T14:37:01+08:00
5Y 8140_2026-09-13,5Y 8140,GTI,2026-09-13,14:20,DEL,Est at 21:35 (15/09/2026),,arrival,2026-09-14T14:20:22+08:00
RH 9458_2026-09-14,RH 9458,HKC,2026-09-14,08:25,DEL,Est at 06:40 (15/09/2026),,arrival,2026-09-14T14:20:22+08:00
5Y 8537_2026-09-14,5Y 8537,GTI,2026-09-14,14:30,HNL,Est at 04:10 (15/09/2026),,arrival,2026-09-14T14:20:22+08:00
K4 204_2026-09-15,K4 204,CKS,2026-09-15,00:00,"CVG,NRT",Est at 10:45,,arrival,2026-09-14T14:20:22+08:00
KZ 203_2026-09-15,KZ 203,NCA,2026-09-15,00:10,NRT,,,arrival,2026-09-14T14:20:22+08:00
5C 773_2026-09-15,5C 773,ICL,2026-09-15,00:15,LGG,,,arrival,2026-09-14T14:20:22+08:00
LD 681_2026-09-15,LD 681,AHK,2026-09-15,00:20,TPE,,,arrival,2026-09-14T14:20:22+08:00
LD 129_2026-09-15,LD 129,AHK,2026-09-15,00:25,ICN,,,arrival,2026-09-14T14:20:22+08:00
D0 574_2026-09-15,D0 574,DHK,2026-09-15,00:30,"LEJ,DEL,HAN",Est at 00:50,,arrival,2026-09-14T14:20:22+08:00
EY 933_2026-09-15,EY 933,ETD,2026-09-15,00:35,AUH,,,arrival,2026-09-14T14:20:22+08:00
LD 205_2026-09-15,LD 205,AHK,2026-09-15,00:40,KIX,,,arrival,2026-09-14T14:20:22+08:00
LD 456_2026-09-15,LD 456,AHK,2026-09-15,00:45,"CEB,MNL",,,arrival,2026-09-14T14:20:22+08:00
TH 3092_2026-09-15,TH 3092,RMY,2026-09-15,00:45,PEN,,,arrival,2026-09-14T14:20:22+08:00
LD 217_2026-09-15,LD 217,AHK,2026-09-15,00:50,NGO,,,arrival,2026-09-14T14:20:22+08:00
EK 9840_2026-09-15,EK 9840,UAE,2026-09-15,00:50,DWC,,,arrival,2026-09-14T14:20:22+08:00
NH 8511_2026-09-15,NH 8511,ANA,2026-09-15,00:55,NRT,,,arrival,2026-09-14T14:20:22+08:00
LD 209_2026-09-15,LD 209,AHK,2026-09-15,01:00,NRT,,,arrival,2026-09-14T14:20:22+08:00
LD 769_2026-09-15,LD 769,AHK,2026-09-15,01:00,PEK,,,arrival,2026-09-14T14:20:22+08:00
CI 5835_2026-09-15,CI 5835,CAL,2026-09-15,01:00,TPE,Est at 08:20,,arrival,2026-09-14T14:20:22+08:00
KE 313_2026-09-15,KE 313,KAL,2026-09-15,01:10,ICN,,,arrival,2026-09-14T14:20:22+08:00
LD 783_2026-09-15,LD 783,AHK,2026-09-15,01:15,PVG,,,arrival,2026-09-14T14:20:22+08:00
LD 562_2026-09-15,LD 562,AHK,2026-09-15,01:20,"PEN,SGN",,,arrival,2026-09-14T14:20:22+08:00
8K 528_2026-09-15,8K 528,KMI,2026-09-15,01:20,"BKK,HAN",,,arrival,2026-09-14T14:20:22+08:00
BR 6535_2026-09-15,BR 6535,EVA,2026-09-15,01:20,TPE,,,arrival,2026-09-14T14:20:22+08:00
LD 326_2026-09-15,LD 326,AHK,2026-09-15,01:25,SIN,,,arrival,2026-09-14T14:20:22+08:00
LD 842_2026-09-15,LD 842,AHK,2026-09-15,01:30,BKK,,,arrival,2026-09-14T14:20:22+08:00
TH 3507_2026-09-15,TH 3507,RMY,2026-09-15,01:30,KUL,,,arrival,2026-09-14T14:20:22+08:00
KJ 971_2026-09-15,KJ 971,AIH,2026-09-15,01:35,ICN,,,arrival,2026-09-14T14:20:22+08:00
RH 9484_2026-09-15,RH 9484,HKC,2026-09-15,01:40,"IST,ALA",Est at 09:35 (16/09/2026),,arrival,2026-09-14T14:20:22+08:00
MB 6019_2026-09-15,MB 6019,MNB,2026-09-15,01:50,NVI,,,arrival,2026-09-14T14:20:22+08:00
3Y 6012_2026-09-15,3Y 6012,MYU,2026-09-15,02:00,CGK,,,arrival,2026-09-14T14:20:22+08:00
5Y 732_2026-09-15,5Y 732,GTI,2026-09-15,02:20,"MIA,LAX",Est at 03:46,,arrival,2026-09-14T14:20:22+08:00
RH 9632_2026-09-15,RH 9632,HKC,2026-09-15,02:20,NMI,Est at 02:20,,arrival,2026-09-14T14:20:22+08:00
LD 721_2026-09-15,LD 721,AHK,2026-09-15,02:40,CTU,,,arrival,2026-09-14T14:20:22+08:00
3S 590_2026-09-15,3S 590,BOX,2026-09-15,02:40,"LEJ,NRT",,,arrival,2026-09-14T14:20:22+08:00
K4 240_2026-09-15,K4 240,CKS,2026-09-15,02:45,"CVG,ICN",,,arrival,2026-09-14T14:20:22+08:00
CX 3744_2026-09-15,CX 3744,CPA,2026-09-15,02:45,BOM,,,arrival,2026-09-14T14:20:22+08:00
3S 544_2026-09-15,3S 544,BOX,2026-09-15,03:00,"FRA,TAS",,,arrival,2026-09-14T14:20:22+08:00
3S 702_2026-09-15,3S 702,BOX,2026-09-15,03:00,"LEJ,TLV",,,arrival,2026-09-14T14:20:22+08:00
EK 9620_2026-09-15,EK 9620,UAE,2026-09-15,03:15,"DWC,SIN,SYD",,,arrival,2026-09-14T14:20:22+08:00
D0 540_2026-09-15,D0 540,DHK,2026-09-15,03:25,"EMA,TMJ",Cancelled,,arrival,2026-09-14T14:20:22+08:00
CX 077_2026-09-15,CX 077,CPA,2026-09-15,03:30,"IAH,ANC",,,arrival,2026-09-14T14:20:22+08:00
RH 352_2026-09-15,RH 352,HKC,2026-09-15,03:45,MNL,Est at 04:25,,arrival,2026-09-14T14:20:22+08:00
FX 5217_2026-09-15,FX 5217,FDX,2026-09-15,03:50,KIX,,,arrival,2026-09-14T14:20:22+08:00
ET 3600_2026-09-15,ET 3600,ETH,2026-09-15,03:55,"ADD,MCT",Est at 21:45,,arrival,2026-09-14T14:20:22+08:00
CX 3485_2026-09-15,CX 3485,CPA,2026-09-15,03:55,"JFK,YYZ",Est at 02:59,,arrival,2026-09-14T14:20:22+08:00
ES 729_2026-09-15,ES 729,DHX,2026-09-15,03:55,BAH,,,arrival,2026-09-14T14:20:22+08:00
5Y 8921_2026-09-15,5Y 8921,GTI,2026-09-15,04:00,ICN,Est at 12:10,,arrival,2026-09-14T14:20:22+08:00
RH 6652_2026-09-15,RH 6652,HKC,2026-09-15,04:30,"DAC,HAN",Est at 09:55,,arrival,2026-09-14T14:20:22+08:00
CK 263_2026-09-15,CK 263,CKK,2026-09-15,04:45,PVG,,,arrival,2026-09-14T14:20:22+08:00
K4 256_2026-09-15,K4 256,CKS,2026-09-15,04:50,"MIA,ICN",,,arrival,2026-09-14T14:20:22+08:00
5Y 9049_2026-09-15,5Y 9049,GTI,2026-09-15,04:55,ICN,Est at 05:00,,arrival,2026-09-14T14:20:22+08:00
9T 528_2026-09-15,9T 528,RUN,2026-09-15,05:10,SAW,,,arrival,2026-09-14T14:20:22+08:00
CX 053_2026-09-15,CX 053,CPA,2026-09-15,05:10,CKG,,,arrival,2026-09-14T14:20:22+08:00
SV 962_2026-09-15,SV 962,SVA,2026-09-15,05:25,RUH,,,arrival,2026-09-14T14:20:22+08:00
CI 6842_2026-09-15,CI 6842,CAL,2026-09-15,05:35,MNL,,,arrival,2026-09-14T14:20:22+08:00
EK 9412_2026-09-15,EK 9412,UAE,2026-09-15,05:40,DWC,,,arrival,2026-09-14T14:20:22+08:00
QR 8082_2026-09-15,QR 8082,QTR,2026-09-15,05:45,DOH,,,arrival,2026-09-14T14:20:22+08:00
5Y 657_2026-09-15,5Y 657,GTI,2026-09-15,05:50,ORD,,,arrival,2026-09-14T14:20:22+08:00
O3 151_2026-09-15,O3 151,CSS,2026-09-15,06:40,EHU,Est at 06:50,,arrival,2026-09-14T14:20:22+08:00
CX 014_2026-09-15,CX 014,CPA,2026-09-15,06:45,"FRA,MXP",,,arrival,2026-09-14T14:20:22+08:00
ET 3753_2026-09-15,ET 3753,ETH,2026-09-15,07:00,MAD,Est at 03:45,,arrival,2026-09-14T14:20:22+08:00
CX 2040_2026-09-15,CX 2040,CPA,2026-09-15,07:00,MAA,,,arrival,2026-09-14T14:20:22+08:00
QY 694_2026-09-15,QY 694,BCS,2026-09-15,07:00,"LEJ,BLR",,,arrival,2026-09-14T14:20:22+08:00
CV 1631_2026-09-15,CV 1631,CLX,2026-09-15,07:15,LUX,,,arrival,2026-09-14T14:20:22+08:00
TK 6266_2026-09-15,TK 6266,THY,2026-09-15,07:35,"IST,RUH",,,arrival,2026-09-14T14:20:22+08:00
CX 3251_2026-09-15,CX 3251,CPA,2026-09-15,07:50,PVG,,,arrival,2026-09-14T14:20:22+08:00
CV 9521_2026-09-15,CV 9521,CLX,2026-09-15,08:00,"LUX,KUL",,,arrival,2026-09-14T14:20:22+08:00
EK 9024_2026-09-15,EK 9024,UAE,2026-09-15,08:05,DWC,,,arrival,2026-09-14T14:20:22+08:00
5X 067_2026-09-15,5X 067,UPS,2026-09-15,08:15,"SDF,ANC,SGN",,,arrival,2026-09-14T14:20:22+08:00
QR 8406_2026-09-15,QR 8406,QTR,2026-09-15,08:30,DOH,,,arrival,2026-09-14T14:20:22+08:00
O3 267_2026-09-15,O3 267,CSS,2026-09-15,08:45,NGB,,,arrival,2026-09-14T14:20:22+08:00
CX 3273_2026-09-15,CX 3273,CPA,2026-09-15,08:45,"MIA,ANC",,,arrival,2026-09-14T14:20:22+08:00
RH 4569_2026-09-15,RH 4569,HKC,2026-09-15,09:10,TPE,Est at 06:10,,arrival,2026-09-14T14:20:22+08:00
CX 2097_2026-09-15,CX 2097,CPA,2026-09-15,10:10,"ORD,ANC",,,arrival,2026-09-14T14:20:22+08:00
EK 9838_2026-09-15,EK 9838,UAE,2026-09-15,11:15,DXB,,,arrival,2026-09-14T14:20:22+08:00
7L 922_2026-09-15,7L 922,AZG,2026-09-15,11:30,NKW,,,arrival,2026-09-14T14:20:22+08:00
5Y 8958_2026-09-15,5Y 8958,GTI,2026-09-15,11:35,"ORD,ICN",Cancelled,,arrival,2026-09-14T14:20:22+08:00
KJ 967_2026-09-15,KJ 967,AIH,2026-09-15,12:05,ICN,Est at 12:00,,arrival,2026-09-14T14:20:22+08:00
5X 167_2026-09-15,5X 167,UPS,2026-09-15,12:40,"SDF,SIN",,,arrival,2026-09-14T14:20:22+08:00
FX 9798_2026-09-15,FX 9798,FDX,2026-09-15,13:00,"DFW,ANC",Est at 20:20,,arrival,2026-09-14T14:20:22+08:00
5X 052_2026-09-15,5X 052,UPS,2026-09-15,13:10,"SDF,ANC",,,arrival,2026-09-14T14:20:22+08:00
WW 861_2026-09-15,WW 861,KXP,2026-09-15,13:40,BKI,Cancelled,,arrival,2026-09-14T14:20:22+08:00
5X 002_2026-09-15,5X 002,UPS,2026-09-15,14:15,"PHL,CGN",,,arrival,2026-09-14T14:20:22+08:00
5X 056_2026-09-15,5X 056,UPS,2026-09-15,14:35,"ONT,HNL",,,arrival,2026-09-14T14:20:22+08:00
CV 4971_2026-09-15,CV 4971,CLX,2026-09-15,14:45,LUX,Cancelled,,arrival,2026-09-14T14:20:22+08:00
KE 9313_2026-09-15,KE 9313,KAL,2026-09-15,14:45,ICN,,,arrival,2026-09-14T14:20:22+08:00
CX 3259_2026-09-15,CX 3259,CPA,2026-09-15,14:50,PVG,,,arrival,2026-09-14T14:20:22+08:00
3S 594_2026-09-15,3S 594,BOX,2026-09-15,15:00,"LEJ,NRT",,,arrival,2026-09-14T14:20:22+08:00
CX 015_2026-09-15,CX 015,CPA,2026-09-15,15:05,"NRT,TPE",,,arrival,2026-09-14T14:20:22+08:00
RH 332_2026-09-15,RH 332,HKC,2026-09-15,15:10,BKK,,,arrival,2026-09-14T14:20:22+08:00
LH 8460_2026-09-15,LH 8460,GEC,2026-09-15,15:25,FRA,,,arrival,2026-09-14T14:20:22+08:00
FX 6428_2026-09-15,FX 6428,FDX,2026-09-15,15:30,"DFW,ANC",,,arrival,2026-09-14T14:20:22+08:00
EK 9798_2026-09-15,EK 9798,UAE,2026-09-15,15:30,DWC,,,arrival,2026-09-14T14:20:22+08:00
2C 560_2026-09-15,2C 560,CMA,2026-09-15,15:50,CDG,Est at 16:45,,arrival,2026-09-14T14:20:22+08:00
CX 3546_2026-09-15,CX 3546,CPA,2026-09-15,15:50,BKK,,,arrival,2026-09-14T14:20:22+08:00
7L 246_2026-09-15,7L 246,AZG,2026-09-15,16:00,GYD,,,arrival,2026-09-14T14:20:22+08:00
7L 571_2026-09-15,7L 571,AZG,2026-09-15,16:05,GYD,,,arrival,2026-09-14T14:20:22+08:00
C8 9261_2026-09-15,C8 9261,ICV,2026-09-15,16:20,MXP,,,arrival,2026-09-14T14:20:22+08:00
EK 9846_2026-09-15,EK 9846,UAE,2026-09-15,16:25,DWC,,,arrival,2026-09-14T14:20:22+08:00
CP 192_2026-09-15,CP 192,LSI,2026-09-15,16:30,OTP,,,arrival,2026-09-14T14:20:22+08:00
SQ 7922_2026-09-15,SQ 7922,SIA,2026-09-15,16:40,SIN,,,arrival,2026-09-14T14:20:22+08:00
TK 6327_2026-09-15,TK 6327,THY,2026-09-15,16:50,"IST,DWC",,,arrival,2026-09-14T14:20:22+08:00
EK 9422_2026-09-15,EK 9422,UAE,2026-09-15,16:55,DWC,,,arrival,2026-09-14T14:20:22+08:00
EK 9010_2026-09-15,EK 9010,UAE,2026-09-15,17:05,DWC,,,arrival,2026-09-14T14:20:22+08:00
FX 5991_2026-09-15,FX 5991,FDX,2026-09-15,17:10,ICN,,,arrival,2026-09-14T14:20:22+08:00
CI 5837_2026-09-15,CI 5837,CAL,2026-09-15,17:20,TPE,,,arrival,2026-09-14T14:20:22+08:00
TK 6218_2026-09-15,TK 6218,THY,2026-09-15,17:30,"IST,DWC",,,arrival,2026-09-14T14:20:22+08:00
SQ 7354_2026-09-15,SQ 7354,SIA,2026-09-15,17:30,SIN,,,arrival,2026-09-14T14:20:22+08:00
MH 6104_2026-09-15,MH 6104,MAS,2026-09-15,17:50,"KUL,LBU",Delayed,,arrival,2026-09-14T14:20:22+08:00
RH 372_2026-09-15,RH 372,HKC,2026-09-15,17:55,SIN,,,arrival,2026-09-14T14:20:22+08:00
AK 8541_2026-09-15,AK 8541,AXM,2026-09-15,18:15,BKI,,,arrival,2026-09-14T14:20:22+08:00
EK 9832_2026-09-15,EK 9832,UAE,2026-09-15,18:20,DWC,,,arrival,2026-09-14T14:20:22+08:00
N8 502_2026-09-15,N8 502,NCR,2026-09-15,18:25,DMM,,,arrival,2026-09-14T14:20:22+08:00
TH 640_2026-09-15,TH 640,RMY,2026-09-15,18:40,BKI,,,arrival,2026-09-14T14:20:22+08:00
SV 982_2026-09-15,SV 982,SVA,2026-09-15,19:25,DMM,Est at 01:20 (16/09/2026),,arrival,2026-09-14T14:20:22+08:00
7L 647_2026-09-15,7L 647,AZG,2026-09-15,19:55,GYD,,,arrival,2026-09-14T14:20:22+08:00
CX 3295_2026-09-15,CX 3295,CPA,2026-09-15,20:05,JFK,,,arrival,2026-09-14T14:20:22+08:00
QR 8514_2026-09-15,QR 8514,QTR,2026-09-15,20:40,"DOH,MCT",,,arrival,2026-09-14T14:20:22+08:00
ET 3708_2026-09-15,ET 3708,ETH,2026-09-15,20:55,LGG,Cancelled,,arrival,2026-09-14T14:20:22+08:00
CX 097_2026-09-15,CX 097,CPA,2026-09-15,21:15,"NLU,GDL,ANC",,,arrival,2026-09-14T14:20:22+08:00
ET 3032_2026-09-15,ET 3032,ETH,2026-09-15,21:25,ADD,Cancelled,,arrival,2026-09-14T14:20:22+08:00
ET 3446_2026-09-15,ET 3446,ETH,2026-09-15,21:25,ADD,Cancelled,,arrival,2026-09-14T14:20:22+08:00
RH 318_2026-09-15,RH 318,HKC,2026-09-15,21:35,HAN,,,arrival,2026-09-14T14:20:22+08:00
D0 524_2026-09-15,D0 524,DHK,2026-09-15,21:35,"EMA,MXP",,,arrival,2026-09-14T14:20:22+08:00
K4 202_2026-09-15,K4 202,CKS,2026-09-15,21:45,"CVG,NRT",,,arrival,2026-09-14T14:20:22+08:00
SR 812_2026-09-15,SR 812,XKY,2026-09-15,21:45,CRK,,,arrival,2026-09-14T14:20:22+08:00
CX 3114_2026-09-15,CX 3114,CPA,2026-09-15,21:45,LGG,,,arrival,2026-09-14T14:20:22+08:00
K4 285_2026-09-15,K4 285,CKS,2026-09-15,22:55,"CVG,LEJ",Est at 23:20,,arrival,2026-09-14T14:20:22+08:00
3G 800_2026-09-15,3G 800,WCM,2026-09-15,23:00,BKI,,,arrival,2026-09-14T14:20:22+08:00
MB 6021_2026-09-15,MB 6021,MNB,2026-09-15,23:20,SHJ,,,arrival,2026-09-14T14:20:22+08:00
CX 2015_2026-09-15,CX 2015,CPA,2026-09-15,23:25,TPE,,,arrival,2026-09-14T14:20:22+08:00
5Y 8139_2026-09-11,5Y 8139,GTI,2026-09-11,17:55,"DEL,ANC",Est at 07:50 (15/09/2026),,departure,2026-09-14T14:04:07+08:00
5Y 8137_2026-09-13,5Y 8137,GTI,2026-09-13,16:20,"DEL,ANC",Est at 23:35 (15/09/2026),,departure,2026-09-14T14:04:07+08:00
RH 9485_2026-09-13,RH 9485,HKC,2026-09-13,16:40,"ALA,IST",Est at 04:15 (15/09/2026),,departure,2026-09-14T14:04:07+08:00
5Y 654D_2026-09-13,5Y 654D,GTI,2026-09-13,16:50,"ICN,ANC,ORD",Est at 02:00 (15/09/2026),,departure,2026-09-14T14:04:07+08:00
C8 513_2026-09-13,C8 513,ICV,2026-09-13,19:15,"ASB,MXP",Est at 07:05 (15/09/2026),,departure,2026-09-14T14:04:07+08:00
CV 753_2026-09-14,CV 753,CLX,2026-09-14,11:35,"GYD,LUX",Est at 01:00 (15/09/2026),,departure,2026-09-14T14:04:07+08:00
ET 3795_2026-09-14,ET 3795,ETH,2026-09-14,13:10,"MCT,LOS,GRU,ADD",Est at 05:45 (15/09/2026),,departure,2026-09-14T14:04:07+08:00
C6 7632_2026-09-14,C6 7632,MFX,2026-09-14,21:00,DEL,Est at 06:30 (15/09/2026),,departure,2026-09-14T14:04:07+08:00
5Y 8692_2026-09-14,5Y 8692,GTI,2026-09-14,21:05,ANC,Cancelled,,departure,2026-09-14T14:04:07+08:00
CV 7331_2026-09-14,CV 7331,CLX,2026-09-14,22:00,"NQZ,LUX",Est at 00:20 (15/09/2026),,departure,2026-09-14T14:04:07+08:00
CX 2023_2026-09-15,CX 2023,CPA,2026-09-15,00:10,SYD,,,departure,2026-09-14T14:04:07+08:00
3G 801_2026-09-15,3G 801,WCM,2026-09-15,00:30,KUL,,,departure,2026-09-14T14:04:07+08:00
CX 006_2026-09-15,CX 006,CPA,2026-09-15,00:50,NRT,,,departure,2026-09-14T14:04:07+08:00
Y9 2564_2026-09-15,Y9 2564,SGA,2026-09-15,01:15,"DAC,DWC",,,departure,2026-09-14T14:04:07+08:00
CX 086_2026-09-15,CX 086,CPA,2026-09-15,01:30,"ANC,NLU",,,departure,2026-09-14T14:04:07+08:00
KZ 202_2026-09-15,KZ 202,NCA,2026-09-15,02:25,NRT,,,departure,2026-09-14T14:04:07+08:00
NH 8512_2026-09-15,NH 8512,ANA,2026-09-15,02:25,NRT,,,departure,2026-09-14T14:04:07+08:00
KJ 972_2026-09-15,KJ 972,AIH,2026-09-15,02:35,ICN,,,departure,2026-09-14T14:04:07+08:00
EK 9841_2026-09-15,EK 9841,UAE,2026-09-15,02:50,DWC,,,departure,2026-09-14T14:04:07+08:00
CI 5836_2026-09-15,CI 5836,CAL,2026-09-15,03:00,TPE,Est at 10:20,,departure,2026-09-14T14:04:07+08:00
KE 314_2026-09-15,KE 314,KAL,2026-09-15,03:10,ICN,,,departure,2026-09-14T14:04:07+08:00
LD 204_2026-09-15,LD 204,AHK,2026-09-15,03:15,KIX,,,departure,2026-09-14T14:04:07+08:00
5C 770_2026-09-15,5C 770,ICL,2026-09-15,03:15,"DWC,TLV",Cancelled,,departure,2026-09-14T14:04:07+08:00
LD 128_2026-09-15,LD 128,AHK,2026-09-15,03:20,ICN,,,departure,2026-09-14T14:04:07+08:00
BR 6536_2026-09-15,BR 6536,EVA,2026-09-15,03:20,TPE,,,departure,2026-09-14T14:04:07+08:00
LD 208_2026-09-15,LD 208,AHK,2026-09-15,03:25,NRT,,,departure,2026-09-14T14:04:07+08:00
LD 327_2026-09-15,LD 327,AHK,2026-09-15,03:25,SIN,,,departure,2026-09-14T14:04:07+08:00
LD 768_2026-09-15,LD 768,AHK,2026-09-15,03:25,PEK,,,departure,2026-09-14T14:04:07+08:00
LD 216_2026-09-15,LD 216,AHK,2026-09-15,03:30,NGO,,,departure,2026-09-14T14:04:07+08:00
8K 526_2026-09-15,8K 526,KMI,2026-09-15,03:30,BKK,,,departure,2026-09-14T14:04:07+08:00
LD 457_2026-09-15,LD 457,AHK,2026-09-15,03:35,"MNL,CEB",,,departure,2026-09-14T14:04:07+08:00
LD 782_2026-09-15,LD 782,AHK,2026-09-15,03:40,PVG,,,departure,2026-09-14T14:04:07+08:00
LD 831_2026-09-15,LD 831,AHK,2026-09-15,03:40,BKK,,,departure,2026-09-14T14:04:07+08:00
LD 561_2026-09-15,LD 561,AHK,2026-09-15,03:45,SGN,,,departure,2026-09-14T14:04:07+08:00
TH 3508_2026-09-15,TH 3508,RMY,2026-09-15,03:45,KUL,,,departure,2026-09-14T14:04:07+08:00
RH 4568_2026-09-15,RH 4568,HKC,2026-09-15,04:00,TPE,Est at 01:00,,departure,2026-09-14T14:04:07+08:00
3S 582_2026-09-15,3S 582,BOX,2026-09-15,04:00,LAX,,,departure,2026-09-14T14:04:07+08:00
3Y 6011_2026-09-15,3Y 6011,MYU,2026-09-15,04:00,CGK,,,departure,2026-09-14T14:04:07+08:00
HJ 022_2026-09-15,HJ 022,TMN,2026-09-15,04:00,SYD,,,departure,2026-09-14T14:04:07+08:00
LD 720_2026-09-15,LD 720,AHK,2026-09-15,04:05,CTU,,,departure,2026-09-14T14:04:07+08:00
TH 3091_2026-09-15,TH 3091,RMY,2026-09-15,04:15,PEN,,,departure,2026-09-14T14:04:07+08:00
LD 680_2026-09-15,LD 680,AHK,2026-09-15,04:20,TPE,,,departure,2026-09-14T14:04:07+08:00
MB 6020_2026-09-15,MB 6020,MNB,2026-09-15,04:50,SHJ,,,departure,2026-09-14T14:04:07+08:00
5Y 731_2026-09-15,5Y 731,GTI,2026-09-15,05:00,"ANC,MIA",,,departure,2026-09-14T14:04:07+08:00
3S 715_2026-09-15,3S 715,BOX,2026-09-15,05:35,"DXB,LEJ",,,departure,2026-09-14T14:04:07+08:00
3S 733_2026-09-15,3S 733,BOX,2026-09-15,05:40,"BLR,LEJ",,,departure,2026-09-14T14:04:07+08:00
ES 720_2026-09-15,ES 720,DHX,2026-09-15,05:40,BAH,,,departure,2026-09-14T14:04:07+08:00
3S 525_2026-09-15,3S 525,BOX,2026-09-15,05:45,"BAH,LEJ",,,departure,2026-09-14T14:04:07+08:00
EK 9821_2026-09-15,EK 9821,UAE,2026-09-15,05:45,DWC,,,departure,2026-09-14T14:04:07+08:00
ET 3707_2026-09-15,ET 3707,ETH,2026-09-15,05:55,"BUD,OSL",,,departure,2026-09-14T14:04:07+08:00
RH 9491_2026-09-15,RH 9491,HKC,2026-09-15,06:00,"ALA,IST",Est at 10:15,,departure,2026-09-14T14:04:07+08:00
FX 5217_2026-09-15,FX 5217,FDX,2026-09-15,06:20,"IST,CDG,LGG,MEM",,,departure,2026-09-14T14:04:07+08:00
K4 255_2026-09-15,K4 255,CKS,2026-09-15,06:40,"YHM,CVG",,,departure,2026-09-14T14:04:07+08:00
D0 593_2026-09-15,D0 593,DHK,2026-09-15,06:40,"DEL,EMA",,,departure,2026-09-14T14:04:07+08:00
CX 3258_2026-09-15,CX 3258,CPA,2026-09-15,06:45,PVG,,,departure,2026-09-14T14:04:07+08:00
CX 3284_2026-09-15,CX 3284,CPA,2026-09-15,06:50,"ANC,ORD",,,departure,2026-09-14T14:04:07+08:00
CX 2096_2026-09-15,CX 2096,CPA,2026-09-15,06:50,"ANC,LAX",,,departure,2026-09-14T14:04:07+08:00
Z7 538_2026-09-15,Z7 538,CMS,2026-09-15,07:00,ALA,,,departure,2026-09-14T14:04:07+08:00
K4 241_2026-09-15,K4 241,CKS,2026-09-15,07:00,"ANC,MIA",Est at 07:30,,departure,2026-09-14T14:04:07+08:00
RH 331_2026-09-15,RH 331,HKC,2026-09-15,07:00,BKK,,,departure,2026-09-14T14:04:07+08:00
N8 510_2026-09-15,N8 510,NCR,2026-09-15,07:00,RUH,,,departure,2026-09-14T14:04:07+08:00
CK 264_2026-09-15,CK 264,CKK,2026-09-15,07:00,CKG,,,departure,2026-09-14T14:04:07+08:00
F5 8814_2026-09-15,F5 8814,ATG,2026-09-15,07:15,"DWC,TLV",Est at 07:30,,departure,2026-09-14T14:04:07+08:00
3S 547_2026-09-15,3S 547,BOX,2026-09-15,07:25,"BRU,LEJ",,,departure,2026-09-14T14:04:07+08:00
SV 963_2026-09-15,SV 963,SVA,2026-09-15,07:30,RUH,,,departure,2026-09-14T14:04:07+08:00
CI 6842_2026-09-15,CI 6842,CAL,2026-09-15,07:35,TPE,,,departure,2026-09-14T14:04:07+08:00
EK 9413_2026-09-15,EK 9413,UAE,2026-09-15,07:40,DWC,,,departure,2026-09-14T14:04:07+08:00
QR 8467_2026-09-15,QR 8467,QTR,2026-09-15,07:45,DOH,,,departure,2026-09-14T14:04:07+08:00
O3 152_2026-09-15,O3 152,CSS,2026-09-15,07:55,EHU,Est at 08:05,,departure,2026-09-14T14:04:07+08:00
RH 371_2026-09-15,RH 371,HKC,2026-09-15,08:05,SIN,,,departure,2026-09-14T14:04:07+08:00
9T 529_2026-09-15,9T 529,RUN,2026-09-15,08:10,DWC,,,departure,2026-09-14T14:04:07+08:00
CX 3549_2026-09-15,CX 3549,CPA,2026-09-15,08:15,BKK,,,departure,2026-09-14T14:04:07+08:00
5Y 8050_2026-09-15,5Y 8050,GTI,2026-09-15,08:20,"ANC,MIA",Est at 08:25,,departure,2026-09-14T14:04:07+08:00
3S 503_2026-09-15,3S 503,BOX,2026-09-15,08:30,LEJ,,,departure,2026-09-14T14:04:07+08:00
K4 205_2026-09-15,K4 205,CKS,2026-09-15,08:40,"ANC,CVG",Est at 12:45,,departure,2026-09-14T14:04:07+08:00
HQ 4111_2026-09-15,HQ 4111,ADZ,2026-09-15,09:00,DWC,,,departure,2026-09-14T14:04:07+08:00
5Y 8139_2026-09-15,5Y 8139,GTI,2026-09-15,09:05,"DEL,ANC",Cancelled,,departure,2026-09-14T14:04:07+08:00
CV 2092_2026-09-15,CV 2092,CLX,2026-09-15,09:15,"ANC,ORD,LUX",,,departure,2026-09-14T14:04:07+08:00
D4 1801_2026-09-15,D4 1801,GEL,2026-09-15,09:25,"KGF,TBS",,,departure,2026-09-14T14:04:07+08:00
TK 6267_2026-09-15,TK 6267,THY,2026-09-15,09:25,IST,,,departure,2026-09-14T14:04:07+08:00
ET 3035_2026-09-15,ET 3035,ETH,2026-09-15,09:30,ADD,Cancelled,,departure,2026-09-14T14:04:07+08:00
CC 4600_2026-09-15,CC 4600,ABD,2026-09-15,09:40,"CMB,JNB",Est at 09:00,,departure,2026-09-14T14:04:07+08:00
QY 653_2026-09-15,QY 653,BCS,2026-09-15,09:50,"GYD,LEJ",,,departure,2026-09-14T14:04:07+08:00
O3 268_2026-09-15,O3 268,CSS,2026-09-15,09:55,NGB,Est at 10:00,,departure,2026-09-14T14:04:07+08:00
CV 519_2026-09-15,CV 519,CLX,2026-09-15,10:00,"ASB,LUX",,,departure,2026-09-14T14:04:07+08:00
5X 067_2026-09-15,5X 067,UPS,2026-09-15,10:15,"ICN,ANC,SDF",,,departure,2026-09-14T14:04:07+08:00
QR 8407_2026-09-15,QR 8407,QTR,2026-09-15,10:30,DOH,,,departure,2026-09-14T14:04:07+08:00
EK 9025_2026-09-15,EK 9025,UAE,2026-09-15,10:55,DWC,,,departure,2026-09-14T14:04:07+08:00
5Y 654_2026-09-15,5Y 654,GTI,2026-09-15,11:15,"ANC,MIA",Est at 11:00,,departure,2026-09-14T14:04:07+08:00
5X 003_2026-09-15,5X 003,UPS,2026-09-15,11:25,"BLR,CGN,PHL",,,departure,2026-09-14T14:04:07+08:00
CX 036_2026-09-15,CX 036,CPA,2026-09-15,11:55,KIX,,,departure,2026-09-14T14:04:07+08:00
T8 4704_2026-09-15,T8 4704,TVR,2026-09-15,12:00,DMM,,,departure,2026-09-14T14:04:07+08:00
CX 2045_2026-09-15,CX 2045,CPA,2026-09-15,13:10,DEL,,,departure,2026-09-14T14:04:07+08:00
CX 049_2026-09-15,CX 049,CPA,2026-09-15,13:15,DAC,,,departure,2026-09-14T14:04:07+08:00
EK 9839_2026-09-15,EK 9839,UAE,2026-09-15,13:15,DWC,Est at 14:20,,departure,2026-09-14T14:04:07+08:00
7L 923_2026-09-15,7L 923,AZG,2026-09-15,13:30,GYD,,,departure,2026-09-14T14:04:07+08:00
CX 3298_2026-09-15,CX 3298,CPA,2026-09-15,13:50,"ANC,JFK",,,departure,2026-09-14T14:04:07+08:00
KJ 968_2026-09-15,KJ 968,AIH,2026-09-15,14:05,ICN,Est at 14:00,,departure,2026-09-14T14:04:07+08:00
5Y 8959_2026-09-15,5Y 8959,GTI,2026-09-15,14:35,"ANC,ORD",Cancelled,,departure,2026-09-14T14:04:07+08:00
WW 862_2026-09-15,WW 862,KXP,2026-09-15,14:40,KUL,Cancelled,,departure,2026-09-14T14:04:07+08:00
FX 9735_2026-09-15,FX 9735,FDX,2026-09-15,15:00,"ANC,ORD",Est at 22:20,,departure,2026-09-14T14:04:07+08:00
5X 001_2026-09-15,5X 001,UPS,2026-09-15,15:40,"CGN,PHL",,,departure,2026-09-14T14:04:07+08:00
RH 317_2026-09-15,RH 317,HKC,2026-09-15,15:55,HAN,,,departure,2026-09-14T14:04:07+08:00
5X 166_2026-09-15,5X 166,UPS,2026-09-15,16:00,"SIN,SDF",,,departure,2026-09-14T14:04:07+08:00
5X 061_2026-09-15,5X 061,UPS,2026-09-15,16:05,"TPE,ANC,SDF",,,departure,2026-09-14T14:04:07+08:00
P9 881_2026-09-15,P9 881,MGE,2026-09-15,16:10,GUM,Est at 16:30,,departure,2026-09-14T14:04:07+08:00
KE 9314_2026-09-15,KE 9314,KAL,2026-09-15,16:45,ICN,,,departure,2026-09-14T14:04:07+08:00
ET 3229_2026-09-15,ET 3229,ETH,2026-09-15,16:50,ADD,Est at 23:45,,departure,2026-09-14T14:04:07+08:00
CV 237_2026-09-15,CV 237,CLX,2026-09-15,17:00,"ANC,GDL,NLU,LUX",Cancelled,,departure,2026-09-14T14:04:07+08:00
3S 519_2026-09-15,3S 519,BOX,2026-09-15,17:10,LEJ,,,departure,2026-09-14T14:04:07+08:00
EK 9798_2026-09-15,EK 9798,UAE,2026-09-15,17:30,DWC,,,departure,2026-09-14T14:04:07+08:00
FX 6428_2026-09-15,FX 6428,FDX,2026-09-15,18:00,KIX,,,departure,2026-09-14T14:04:07+08:00
EY 934_2026-09-15,EY 934,ETD,2026-09-15,18:05,AUH,,,departure,2026-09-14T14:04:07+08:00
7L 247_2026-09-15,7L 247,AZG,2026-09-15,18:15,GYD,,,departure,2026-09-14T14:04:07+08:00
CX 2026_2026-09-15,CX 2026,CPA,2026-09-15,18:15,TPE,,,departure,2026-09-14T14:04:07+08:00
2C 561_2026-09-15,2C 561,CMA,2026-09-15,18:20,"ESB,CDG",Est at 19:15,,departure,2026-09-14T14:04:07+08:00
C8 736_2026-09-15,C8 736,ICV,2026-09-15,18:20,"ASB,MXP",,,departure,2026-09-14T14:04:07+08:00
LH 8461_2026-09-15,LH 8461,GEC,2026-09-15,18:25,"IST,FRA",,,departure,2026-09-14T14:04:07+08:00
EK 9847_2026-09-15,EK 9847,UAE,2026-09-15,18:25,DWC,,,departure,2026-09-14T14:04:07+08:00
7L 572_2026-09-15,7L 572,AZG,2026-09-15,18:35,GYD,,,departure,2026-09-14T14:04:07+08:00
TK 6329_2026-09-15,TK 6329,THY,2026-09-15,18:50,"CIT,IST",,,departure,2026-09-14T14:04:07+08:00
EK 9423_2026-09-15,EK 9423,UAE,2026-09-15,18:55,DWC,Est at 21:00,,departure,2026-09-14T14:04:07+08:00
5X 063_2026-09-15,5X 063,UPS,2026-09-15,19:05,"ANC,SDF",,,departure,2026-09-14T14:04:07+08:00
SQ 7922_2026-09-15,SQ 7922,SIA,2026-09-15,19:10,"ANC,DFW",,,departure,2026-09-14T14:04:07+08:00
CI 5838_2026-09-15,CI 5838,CAL,2026-09-15,19:20,TPE,,,departure,2026-09-14T14:04:07+08:00
RH 6651_2026-09-15,RH 6651,HKC,2026-09-15,19:25,DAC,,,departure,2026-09-14T14:04:07+08:00
CP 166_2026-09-15,CP 166,LSI,2026-09-15,19:30,MXP,,,departure,2026-09-14T14:04:07+08:00
TK 6241_2026-09-15,TK 6241,THY,2026-09-15,19:30,IST,,,departure,2026-09-14T14:04:07+08:00
AK 8542_2026-09-15,AK 8542,AXM,2026-09-15,19:45,KUL,,,departure,2026-09-14T14:04:07+08:00
TH 641_2026-09-15,TH 641,RMY,2026-09-15,19:45,KUL,,,departure,2026-09-14T14:04:07+08:00
5X 059_2026-09-15,5X 059,UPS,2026-09-15,19:45,"ANC,ONT",,,departure,2026-09-14T14:04:07+08:00
FX 5991_2026-09-15,FX 5991,FDX,2026-09-15,19:50,"KIX,OAK",,,departure,2026-09-14T14:04:07+08:00
MH 6105_2026-09-15,MH 6105,MAS,2026-09-15,19:50,KUL,Delayed,,departure,2026-09-14T14:04:07+08:00
SQ 7354_2026-09-15,SQ 7354,SIA,2026-09-15,20:20,"MAA,BRU",,,departure,2026-09-14T14:04:07+08:00
EK 9833_2026-09-15,EK 9833,UAE,2026-09-15,20:20,DWC,,,departure,2026-09-14T14:04:07+08:00
CX 2033_2026-09-15,CX 2033,CPA,2026-09-15,20:55,MAA,,,departure,2026-09-14T14:04:07+08:00
CX 3260_2026-09-15,CX 3260,CPA,2026-09-15,21:00,CKG,,,departure,2026-09-14T14:04:07+08:00
5Y 8692_2026-09-15,5Y 8692,GTI,2026-09-15,21:05,ANC,Est at 14:10,,departure,2026-09-14T14:04:07+08:00
EK 9011_2026-09-15,EK 9011,UAE,2026-09-15,21:25,DWC,,,departure,2026-09-14T14:04:07+08:00
SV 983_2026-09-15,SV 983,SVA,2026-09-15,21:30,RUH,Est at 03:20 (16/09/2026),,departure,2026-09-14T14:04:07+08:00
D0 009_2026-09-15,D0 009,DHK,2026-09-15,21:40,"CVG,EMA",,,departure,2026-09-14T14:04:07+08:00
7L 648_2026-09-15,7L 648,AZG,2026-09-15,21:55,GYD,,,departure,2026-09-14T14:04:07+08:00
C6 7636_2026-09-15,C6 7636,MFX,2026-09-15,22:00,DEL,,,departure,2026-09-14T14:04:07+08:00
CX 3238_2026-09-15,CX 3238,CPA,2026-09-15,22:20,"XMN,PVG",,,departure,2026-09-14T14:04:07+08:00
QR 8421_2026-09-15,QR 8421,QTR,2026-09-15,22:40,DOH,,,departure,2026-09-14T14:04:07+08:00
CX 050_2026-09-15,CX 050,CPA,2026-09-15,23:05,PVG,,,departure,2026-09-14T14:04:07+08:00
SR 813_2026-09-15,SR 813,XKY,2026-09-15,23:15,MNL,,,departure,2026-09-14T14:04:07+08:00
ET 3447_2026-09-15,ET 3447,ETH,2026-09-15,23:30,ADD,Cancelled,,departure,2026-09-14T14:04:07+08:00
5Y 8138_2026-09-13,5Y 8138,GTI,2026-09-13,07:05,DEL,Est at 13:20 (16/09/2026),,arrival,2026-09-14T14:35:05+08:00
RH 9484_2026-09-15,RH 9484,HKC,2026-09-15,01:40,"IST,ALA",Est at 09:35 (16/09/2026),,arrival,2026-09-14T14:35:05+08:00
SV 982_2026-09-15,SV 982,SVA,2026-09-15,19:25,DMM,Est at 01:20 (16/09/2026),,arrival,2026-09-14T14:35:05+08:00
QR 8438_2026-09-16,QR 8438,QTR,2026-09-16,00:00,DOH,,,arrival,2026-09-14T14:35:05+08:00
K4 703_2026-09-16,K4 703,CKS,2026-09-16,00:10,TLV,Est at 00:00,,arrival,2026-09-14T14:35:05+08:00
LD 681_2026-09-16,LD 681,AHK,2026-09-16,00:20,TPE,,,arrival,2026-09-14T14:35:05+08:00
LD 129_2026-09-16,LD 129,AHK,2026-09-16,00:25,ICN,,,arrival,2026-09-14T14:35:05+08:00
3S 748_2026-09-16,3S 748,BOX,2026-09-16,00:30,"LEJ,HAN",,,arrival,2026-09-14T14:35:05+08:00
LD 205_2026-09-16,LD 205,AHK,2026-09-16,00:40,KIX,,,arrival,2026-09-14T14:35:05+08:00
HJ 021_2026-09-16,HJ 021,TMN,2026-09-16,00:40,SYD,,,arrival,2026-09-14T14:35:05+08:00
LD 456_2026-09-16,LD 456,AHK,2026-09-16,00:45,"CEB,MNL",,,arrival,2026-09-14T14:35:05+08:00
TH 3092_2026-09-16,TH 3092,RMY,2026-09-16,00:45,PEN,,,arrival,2026-09-14T14:35:05+08:00
LD 217_2026-09-16,LD 217,AHK,2026-09-16,00:50,NGO,,,arrival,2026-09-14T14:35:05+08:00
NH 8511_2026-09-16,NH 8511,ANA,2026-09-16,00:55,NRT,,,arrival,2026-09-14T14:35:05+08:00
LD 209_2026-09-16,LD 209,AHK,2026-09-16,01:00,NRT,,,arrival,2026-09-14T14:35:05+08:00
LD 769_2026-09-16,LD 769,AHK,2026-09-16,01:00,PEK,,,arrival,2026-09-14T14:35:05+08:00
CI 5825_2026-09-16,CI 5825,CAL,2026-09-16,01:00,TPE,,,arrival,2026-09-14T14:35:05+08:00
KE 313_2026-09-16,KE 313,KAL,2026-09-16,01:10,ICN,,,arrival,2026-09-14T14:35:05+08:00
LD 783_2026-09-16,LD 783,AHK,2026-09-16,01:15,PVG,,,arrival,2026-09-14T14:35:05+08:00
CX 035_2026-09-16,CX 035,CPA,2026-09-16,01:15,"KIX,ICN",,,arrival,2026-09-14T14:35:05+08:00
LD 562_2026-09-16,LD 562,AHK,2026-09-16,01:20,SGN,,,arrival,2026-09-14T14:35:05+08:00
8K 525_2026-09-16,8K 525,KMI,2026-09-16,01:20,"BKK,HAN",,,arrival,2026-09-14T14:35:05+08:00
BR 6537_2026-09-16,BR 6537,EVA,2026-09-16,01:20,TPE,,,arrival,2026-09-14T14:35:05+08:00
LD 326_2026-09-16,LD 326,AHK,2026-09-16,01:25,SIN,,,arrival,2026-09-14T14:35:05+08:00
LD 842_2026-09-16,LD 842,AHK,2026-09-16,01:30,BKK,,,arrival,2026-09-14T14:35:05+08:00
TH 3507_2026-09-16,TH 3507,RMY,2026-09-16,01:30,KUL,,,arrival,2026-09-14T14:35:05+08:00
KJ 973_2026-09-16,KJ 973,AIH,2026-09-16,01:35,ICN,Est at 01:30,,arrival,2026-09-14T14:35:05+08:00
CX 048_2026-09-16,CX 048,CPA,2026-09-16,01:45,"DAC,HAN",,,arrival,2026-09-14T14:35:05+08:00
3Y 6012_2026-09-16,3Y 6012,MYU,2026-09-16,02:00,CGK,,,arrival,2026-09-14T14:35:05+08:00
CX 2046_2026-09-16,CX 2046,CPA,2026-09-16,02:05,DEL,,,arrival,2026-09-14T14:35:05+08:00
TK 6350_2026-09-16,TK 6350,THY,2026-09-16,02:20,"IST,RUH",,,arrival,2026-09-14T14:35:05+08:00
LD 721_2026-09-16,LD 721,AHK,2026-09-16,02:40,CTU,,,arrival,2026-09-14T14:35:05+08:00
EK 9408_2026-09-16,EK 9408,UAE,2026-09-16,03:00,ALA,,,arrival,2026-09-14T14:35:05+08:00
3S 720_2026-09-16,3S 720,BOX,2026-09-16,03:10,"LEJ,DEL",,,arrival,2026-09-14T14:35:05+08:00
CX 028_2026-09-16,CX 028,CPA,2026-09-16,03:25,"SYD,MEL,BNE",,,arrival,2026-09-14T14:35:05+08:00
ET 3032_2026-09-16,ET 3032,ETH,2026-09-16,03:25,"ADD,MCT",Est at 00:05,,arrival,2026-09-14T14:35:05+08:00
3S 542_2026-09-16,3S 542,BOX,2026-09-16,03:30,"LEJ,BKK",,,arrival,2026-09-14T14:35:05+08:00
3S 712_2026-09-16,3S 712,BOX,2026-09-16,03:40,"LEJ,DXB",,,arrival,2026-09-14T14:35:05+08:00
QR 8380_2026-09-16,QR 8380,QTR,2026-09-16,03:45,"DOH,MEL",,,arrival,2026-09-14T14:35:05+08:00
FX 5023_2026-09-16,FX 5023,FDX,2026-09-16,03:50,KIX,,,arrival,2026-09-14T14:35:05+08:00
CX 3261_2026-09-16,CX 3261,CPA,2026-09-16,03:50,CKG,,,arrival,2026-09-14T14:35:05+08:00
ES 835_2026-09-16,ES 835,DHX,2026-09-16,03:55,MCT,,,arrival,2026-09-14T14:35:05+08:00
5X 004_2026-09-16,5X 004,UPS,2026-09-16,04:00,"PHL,CGN,CDG",,,arrival,2026-09-14T14:35:05+08:00
CT 117_2026-09-16,CT 117,AAE,2026-09-16,04:30,BUD,,,arrival,2026-09-14T14:35:05+08:00
ET 3784_2026-09-16,ET 3784,ETH,2026-09-16,04:40,MAD,Cancelled,,arrival,2026-09-14T14:35:05+08:00
K4 252_2026-09-16,K4 252,CKS,2026-09-16,04:50,"CVG,ICN",,,arrival,2026-09-14T14:35:05+08:00
QR 8434_2026-09-16,QR 8434,QTR,2026-09-16,04:55,DOH,,,arrival,2026-09-14T14:35:05+08:00
3V 534_2026-09-16,3V 534,TAY,2026-09-16,05:25,"BRU,DWC",,,arrival,2026-09-14T14:35:05+08:00
SR 814_2026-09-16,SR 814,XKY,2026-09-16,05:30,MNL,,,arrival,2026-09-14T14:35:05+08:00
3S 728_2026-09-16,3S 728,BOX,2026-09-16,06:30,"LEJ,RUH",,,arrival,2026-09-14T14:35:05+08:00
EK 9860_2026-09-16,EK 9860,UAE,2026-09-16,06:40,DWC,Est at 06:50,,arrival,2026-09-14T14:35:05+08:00
CV 9932_2026-09-16,CV 9932,CLX,2026-09-16,07:00,LUX,,,arrival,2026-09-14T14:35:05+08:00
RH 6652_2026-09-16,RH 6652,HKC,2026-09-16,07:00,"DAC,HAN",,,arrival,2026-09-14T14:35:05+08:00
QY 692_2026-09-16,QY 692,BCS,2026-09-16,07:00,"LEJ,BLR",,,arrival,2026-09-14T14:35:05+08:00
RH 4569_2026-09-16,RH 4569,HKC,2026-09-16,07:15,TPE,,,arrival,2026-09-14T14:35:05+08:00
KJ 952_2026-09-16,KJ 952,AIH,2026-09-16,07:20,"ICN,HAN",,,arrival,2026-09-14T14:35:05+08:00
QR 8402_2026-09-16,QR 8402,QTR,2026-09-16,07:35,DOH,,,arrival,2026-09-14T14:35:05+08:00
CX 3253_2026-09-16,CX 3253,CPA,2026-09-16,08:05,PVG,,,arrival,2026-09-14T14:35:05+08:00
EK 9024_2026-09-16,EK 9024,UAE,2026-09-16,08:05,DWC,,,arrival,2026-09-14T14:35:05+08:00
5X 067_2026-09-16,5X 067,UPS,2026-09-16,08:15,"SDF,ANC,SGN",,,arrival,2026-09-14T14:35:05+08:00
RH 830_2026-09-16,RH 830,HKC,2026-09-16,08:35,PVG,,,arrival,2026-09-14T14:35:05+08:00
CX 3239_2026-09-16,CX 3239,CPA,2026-09-16,08:35,PVG,,,arrival,2026-09-14T14:35:05+08:00
O3 267_2026-09-16,O3 267,CSS,2026-09-16,08:45,NGB,,,arrival,2026-09-14T14:35:05+08:00
CX 3069_2026-09-16,CX 3069,CPA,2026-09-16,09:15,"ORD,ANC",,,arrival,2026-09-14T14:35:05+08:00
CX 3144_2026-09-16,CX 3144,CPA,2026-09-16,09:25,MAA,,,arrival,2026-09-14T14:35:05+08:00
3V 401_2026-09-16,3V 401,TAY,2026-09-16,09:25,"LGG,DWC",,,arrival,2026-09-14T14:35:05+08:00
5Y 8131_2026-09-16,5Y 8131,GTI,2026-09-16,09:40,ICN,,,arrival,2026-09-14T14:35:05+08:00
CV 4802_2026-09-16,CV 4802,CLX,2026-09-16,10:50,LUX,,,arrival,2026-09-14T14:35:05+08:00
TK 6236_2026-09-16,TK 6236,THY,2026-09-16,11:15,"IST,JED",,,arrival,2026-09-14T14:35:05+08:00
RH 9490_2026-09-16,RH 9490,HKC,2026-09-16,11:25,"IST,ALA",,,arrival,2026-09-14T14:35:05+08:00
EK 9780_2026-09-16,EK 9780,UAE,2026-09-16,11:35,DWC,,,arrival,2026-09-14T14:35:05+08:00
KJ 969_2026-09-16,KJ 969,AIH,2026-09-16,12:00,ICN,,,arrival,2026-09-14T14:35:05+08:00
K4 270_2026-09-16,K4 270,CKS,2026-09-16,12:05,"CVG,NRT",,,arrival,2026-09-14T14:35:05+08:00
K4 556_2026-09-16,K4 556,CKS,2026-09-16,12:15,"ORD,NRT",,,arrival,2026-09-14T14:35:05+08:00
5X 167_2026-09-16,5X 167,UPS,2026-09-16,12:40,"SDF,SIN",,,arrival,2026-09-14T14:35:05+08:00
QR 8464_2026-09-16,QR 8464,QTR,2026-09-16,12:50,DOH,,,arrival,2026-09-14T14:35:05+08:00
5X 062_2026-09-16,5X 062,UPS,2026-09-16,12:55,"SDF,ANC",,,arrival,2026-09-14T14:35:05+08:00
KZ 209_2026-09-16,KZ 209,NCA,2026-09-16,13:35,NRT,,,arrival,2026-09-14T14:35:05+08:00
EK 9238_2026-09-16,EK 9238,UAE,2026-09-16,13:35,DWC,,,arrival,2026-09-14T14:35:05+08:00
EY 9725_2026-09-16,EY 9725,ETD,2026-09-16,13:40,AUH,,,arrival,2026-09-14T14:35:05+08:00
WW 861_2026-09-16,WW 861,KXP,2026-09-16,13:45,BKI,,,arrival,2026-09-14T14:35:05+08:00
5X 002_2026-09-16,5X 002,UPS,2026-09-16,14:25,"PHL,CGN",,,arrival,2026-09-14T14:35:05+08:00
LH 8450_2026-09-16,LH 8450,GEC,2026-09-16,14:30,FRA,,,arrival,2026-09-14T14:35:05+08:00
5X 058_2026-09-16,5X 058,UPS,2026-09-16,14:35,"ONT,HNL",,,arrival,2026-09-14T14:35:05+08:00
CV 1632_2026-09-16,CV 1632,CLX,2026-09-16,14:45,LUX,,,arrival,2026-09-14T14:35:05+08:00
ET 3618_2026-09-16,ET 3618,ETH,2026-09-16,14:45,ICN,Cancelled,,arrival,2026-09-14T14:35:05+08:00
7L 922_2026-09-16,7L 922,AZG,2026-09-16,14:50,GYD,,,arrival,2026-09-14T14:35:05+08:00
3S 592_2026-09-16,3S 592,BOX,2026-09-16,15:00,"LEJ,NRT",,,arrival,2026-09-14T14:35:05+08:00
CX 015_2026-09-16,CX 015,CPA,2026-09-16,15:05,"NRT,TPE",,,arrival,2026-09-14T14:35:05+08:00
RH 332_2026-09-16,RH 332,HKC,2026-09-16,15:10,BKK,,,arrival,2026-09-14T14:35:05+08:00
EK 9832_2026-09-16,EK 9832,UAE,2026-09-16,15:10,DWC,,,arrival,2026-09-14T14:35:05+08:00
KE 8313_2026-09-16,KE 8313,KAL,2026-09-16,15:30,ICN,,,arrival,2026-09-14T14:35:05+08:00
SQ 7988_2026-09-16,SQ 7988,SIA,2026-09-16,15:35,SIN,,,arrival,2026-09-14T14:35:05+08:00
7L 624_2026-09-16,7L 624,AZG,2026-09-16,15:55,GYD,,,arrival,2026-09-14T14:35:05+08:00
5X 064_2026-09-16,5X 064,UPS,2026-09-16,16:00,"SDF,ANC,ICN",,,arrival,2026-09-14T14:35:05+08:00
7L 1922_2026-09-16,7L 1922,AZG,2026-09-16,16:05,GYD,,,arrival,2026-09-14T14:35:05+08:00
5Y 825_2026-09-16,5Y 825,GTI,2026-09-16,16:25,"MIA,ANC",,,arrival,2026-09-14T14:35:05+08:00
SQ 7862_2026-09-16,SQ 7862,SIA,2026-09-16,16:30,SIN,,,arrival,2026-09-14T14:35:05+08:00
TH 640_2026-09-16,TH 640,RMY,2026-09-16,16:50,BKI,,,arrival,2026-09-14T14:35:05+08:00
TK 6238_2026-09-16,TK 6238,THY,2026-09-16,16:55,"IST,TBS",,,arrival,2026-09-14T14:35:05+08:00
EK 9010_2026-09-16,EK 9010,UAE,2026-09-16,17:05,DWC,,,arrival,2026-09-14T14:35:05+08:00
FX 5991_2026-09-16,FX 5991,FDX,2026-09-16,17:10,ICN,,,arrival,2026-09-14T14:35:05+08:00
CI 6843_2026-09-16,CI 6843,CAL,2026-09-16,17:20,TPE,,,arrival,2026-09-14T14:35:05+08:00
MH 6102_2026-09-16,MH 6102,MAS,2026-09-16,17:40,"KUL,KCH",,,arrival,2026-09-14T14:35:05+08:00
RH 372_2026-09-16,RH 372,HKC,2026-09-16,17:55,SIN,,,arrival,2026-09-14T14:35:05+08:00
AK 8545_2026-09-16,AK 8545,AXM,2026-09-16,18:15,BKI,,,arrival,2026-09-14T14:35:05+08:00
CX 2074_2026-09-16,CX 2074,CPA,2026-09-16,18:35,SIN,,,arrival,2026-09-14T14:35:05+08:00
5X 050_2026-09-16,5X 050,UPS,2026-09-16,19:10,"SDF,ANC",,,arrival,2026-09-14T14:35:05+08:00
CI 5833_2026-09-16,CI 5833,CAL,2026-09-16,19:20,TPE,,,arrival,2026-09-14T14:35:05+08:00
D0 705_2026-09-16,D0 705,DHK,2026-09-16,19:40,"EMA,BAH",,,arrival,2026-09-14T14:35:05+08:00
QF 7525_2026-09-16,QF 7525,QFA,2026-09-16,19:55,SYD,,,arrival,2026-09-14T14:35:05+08:00
CX 2099_2026-09-16,CX 2099,CPA,2026-09-16,20:05,"LAX,ANC",,,arrival,2026-09-14T14:35:05+08:00
CV 7332_2026-09-16,CV 7332,CLX,2026-09-16,20:20,"LUX,BKK",,,arrival,2026-09-14T14:35:05+08:00
CX 3185_2026-09-16,CX 3185,CPA,2026-09-16,20:45,"ORD,ANC",,,arrival,2026-09-14T14:35:05+08:00
K4 254_2026-09-16,K4 254,CKS,2026-09-16,21:15,"CVG,NGO",,,arrival,2026-09-14T14:35:05+08:00
D0 528_2026-09-16,D0 528,DHK,2026-09-16,21:35,"EMA,MXP",,,arrival,2026-09-14T14:35:05+08:00
MB 6031_2026-09-16,MB 6031,MNB,2026-09-16,22:30,"IST,SHJ",,,arrival,2026-09-14T14:35:05+08:00
CX 3036_2026-09-16,CX 3036,CPA,2026-09-16,22:35,HAN,,,arrival,2026-09-14T14:35:05+08:00
EK 9278_2026-09-16,EK 9278,UAE,2026-09-16,22:45,DXB,,,arrival,2026-09-14T14:35:05+08:00
3G 800_2026-09-16,3G 800,WCM,2026-09-16,22:55,BKI,,,arrival,2026-09-14T14:35:05+08:00
MS 509_2026-09-16,MS 509,MSR,2026-09-16,23:00,CAI,,,arrival,2026-09-14T14:35:05+08:00
3S 502_2026-09-16,3S 502,BOX,2026-09-16,23:15,LEJ,,,arrival,2026-09-14T14:35:05+08:00
RH 708_2026-09-16,RH 708,HKC,2026-09-16,23:20,DRW,,,arrival,2026-09-14T14:35:05+08:00
RH 318_2026-09-16,RH 318,HKC,2026-09-16,23:30,HAN,,,arrival,2026-09-14T14:35:05+08:00
SV 983_2026-09-15,SV 983,SVA,2026-09-15,21:30,RUH,Est at 03:20 (16/09/2026),,departure,2026-09-14T14:20:03+08:00
ET 3785_2026-09-16,ET 3785,ETH,2026-09-16,00:00,"MCT,MAD",Cancelled,,departure,2026-09-14T14:20:03+08:00
ET 3791_2026-09-16,ET 3791,ETH,2026-09-16,00:00,LGG,Cancelled,,departure,2026-09-14T14:20:03+08:00
Y9 2566_2026-09-16,Y9 2566,SGA,2026-09-16,00:15,"DAC,BAH",,,departure,2026-09-14T14:20:03+08:00
RH 4568_2026-09-16,RH 4568,HKC,2026-09-16,00:15,TPE,,,departure,2026-09-14T14:20:03+08:00
RH 829_2026-09-16,RH 829,HKC,2026-09-16,00:15,PVG,,,departure,2026-09-14T14:20:03+08:00
3G 801_2026-09-16,3G 801,WCM,2026-09-16,00:30,KUL,,,departure,2026-09-14T14:20:03+08:00
QR 8441_2026-09-16,QR 8441,QTR,2026-09-16,00:40,DOH,,,departure,2026-09-14T14:20:03+08:00
CX 006_2026-09-16,CX 006,CPA,2026-09-16,00:50,NRT,,,departure,2026-09-14T14:20:03+08:00
KZ 202_2026-09-16,KZ 202,NCA,2026-09-16,01:25,NRT,,,departure,2026-09-14T14:20:03+08:00
CX 096_2026-09-16,CX 096,CPA,2026-09-16,01:30,"ANC,NLU",,,departure,2026-09-14T14:20:03+08:00
QR 8439_2026-09-16,QR 8439,QTR,2026-09-16,02:00,DOH,,,departure,2026-09-14T14:20:03+08:00
NH 8512_2026-09-16,NH 8512,ANA,2026-09-16,02:25,NRT,,,departure,2026-09-14T14:20:03+08:00
KJ 974_2026-09-16,KJ 974,AIH,2026-09-16,02:35,ICN,Est at 02:30,,departure,2026-09-14T14:20:03+08:00
CI 5826_2026-09-16,CI 5826,CAL,2026-09-16,03:00,TPE,,,departure,2026-09-14T14:20:03+08:00
KE 314_2026-09-16,KE 314,KAL,2026-09-16,03:10,ICN,,,departure,2026-09-14T14:20:03+08:00
LD 204_2026-09-16,LD 204,AHK,2026-09-16,03:15,KIX,,,departure,2026-09-14T14:20:03+08:00
LD 128_2026-09-16,LD 128,AHK,2026-09-16,03:20,ICN,,,departure,2026-09-14T14:20:03+08:00
BR 6538_2026-09-16,BR 6538,EVA,2026-09-16,03:20,TPE,,,departure,2026-09-14T14:20:03+08:00
LD 208_2026-09-16,LD 208,AHK,2026-09-16,03:25,NRT,,,departure,2026-09-14T14:20:03+08:00
LD 327_2026-09-16,LD 327,AHK,2026-09-16,03:25,SIN,,,departure,2026-09-14T14:20:03+08:00
LD 768_2026-09-16,LD 768,AHK,2026-09-16,03:25,PEK,,,departure,2026-09-14T14:20:03+08:00
LD 216_2026-09-16,LD 216,AHK,2026-09-16,03:30,NGO,,,departure,2026-09-14T14:20:03+08:00
8K 526_2026-09-16,8K 526,KMI,2026-09-16,03:30,BKK,,,departure,2026-09-14T14:20:03+08:00
LD 457_2026-09-16,LD 457,AHK,2026-09-16,03:35,"MNL,CEB",,,departure,2026-09-14T14:20:03+08:00
LD 782_2026-09-16,LD 782,AHK,2026-09-16,03:40,PVG,,,departure,2026-09-14T14:20:03+08:00
LD 831_2026-09-16,LD 831,AHK,2026-09-16,03:40,BKK,,,departure,2026-09-14T14:20:03+08:00
LD 561_2026-09-16,LD 561,AHK,2026-09-16,03:45,SGN,,,departure,2026-09-14T14:20:03+08:00
TH 3508_2026-09-16,TH 3508,RMY,2026-09-16,03:45,KUL,,,departure,2026-09-14T14:20:03+08:00
3S 748_2026-09-16,3S 748,BOX,2026-09-16,04:00,LAX,,,departure,2026-09-14T14:20:03+08:00
3Y 6011_2026-09-16,3Y 6011,MYU,2026-09-16,04:00,CGK,,,departure,2026-09-14T14:20:03+08:00
HJ 022_2026-09-16,HJ 022,TMN,2026-09-16,04:00,SYD,,,departure,2026-09-14T14:20:03+08:00
LD 720_2026-09-16,LD 720,AHK,2026-09-16,04:05,CTU,,,departure,2026-09-14T14:20:03+08:00
TH 3091_2026-09-16,TH 3091,RMY,2026-09-16,04:15,PEN,,,departure,2026-09-14T14:20:03+08:00
LD 680_2026-09-16,LD 680,AHK,2026-09-16,04:20,TPE,,,departure,2026-09-14T14:20:03+08:00
TK 6351_2026-09-16,TK 6351,THY,2026-09-16,04:20,IST,,,departure,2026-09-14T14:20:03+08:00
CX 2090_2026-09-16,CX 2090,CPA,2026-09-16,04:25,"ANC,LAX,DFW",,,departure,2026-09-14T14:20:03+08:00
K4 280_2026-09-16,K4 280,CKS,2026-09-16,04:30,"ANC,CVG",Est at 04:55,,departure,2026-09-14T14:20:03+08:00
MB 6030_2026-09-16,MB 6030,MNB,2026-09-16,04:50,SHJ,,,departure,2026-09-14T14:20:03+08:00
EK 9831_2026-09-16,EK 9831,UAE,2026-09-16,05:00,DWC,,,departure,2026-09-14T14:20:03+08:00
ET 3769_2026-09-16,ET 3769,ETH,2026-09-16,05:05,"EMA,ADD",Est at 02:05,,departure,2026-09-14T14:20:03+08:00
K4 704_2026-09-16,K4 704,CKS,2026-09-16,05:15,"GYD,TLV",,,departure,2026-09-14T14:20:03+08:00
3S 713_2026-09-16,3S 713,BOX,2026-09-16,05:35,"DXB,LEJ",,,departure,2026-09-14T14:20:03+08:00
3S 735_2026-09-16,3S 735,BOX,2026-09-16,05:40,"BLR,LEJ",,,departure,2026-09-14T14:20:03+08:00
ES 728_2026-09-16,ES 728,DHX,2026-09-16,05:40,BAH,,,departure,2026-09-14T14:20:03+08:00
3S 523_2026-09-16,3S 523,BOX,2026-09-16,05:45,"BAH,LEJ",,,departure,2026-09-14T14:20:03+08:00
QR 8411_2026-09-16,QR 8411,QTR,2026-09-16,05:45,DOH,,,departure,2026-09-14T14:20:03+08:00
FX 5023_2026-09-16,FX 5023,FDX,2026-09-16,06:00,"IST,CDG,LGG,MEM",,,departure,2026-09-14T14:20:03+08:00
K4 253_2026-09-16,K4 253,CKS,2026-09-16,06:40,"YHM,CVG",,,departure,2026-09-14T14:20:03+08:00
D0 591_2026-09-16,D0 591,DHK,2026-09-16,06:40,"DEL,EMA",,,departure,2026-09-14T14:20:03+08:00
K4 243_2026-09-16,K4 243,CKS,2026-09-16,07:00,"ANC,CVG",,,departure,2026-09-14T14:20:03+08:00
RH 331_2026-09-16,RH 331,HKC,2026-09-16,07:00,BKK,,,departure,2026-09-14T14:20:03+08:00
N8 503_2026-09-16,N8 503,NCR,2026-09-16,07:00,"RUH,AUG",,,departure,2026-09-14T14:20:03+08:00
CT 3571_2026-09-16,CT 3571,AAE,2026-09-16,07:00,"HRI,JNB",,,departure,2026-09-14T14:20:03+08:00
HQ 5211_2026-09-16,HQ 5211,ADZ,2026-09-16,07:00,MBA,,,departure,2026-09-14T14:20:03+08:00
CT 131_2026-09-16,CT 131,AAE,2026-09-16,07:05,DWC,,,departure,2026-09-14T14:20:03+08:00
ET 3767_2026-09-16,ET 3767,ETH,2026-09-16,07:10,LGG,Cancelled,,departure,2026-09-14T14:20:03+08:00
K4 591_2026-09-16,K4 591,CKS,2026-09-16,07:15,"ICN,ANC",,,departure,2026-09-14T14:20:03+08:00
QR 8435_2026-09-16,QR 8435,QTR,2026-09-16,07:15,DOH,,,departure,2026-09-14T14:20:03+08:00
3V 533_2026-09-16,3V 533,TAY,2026-09-16,07:30,"DWC,BRU",,,departure,2026-09-14T14:20:03+08:00
CV 515_2026-09-16,CV 515,CLX,2026-09-16,08:00,"GYD,LUX",,,departure,2026-09-14T14:20:03+08:00
RH 371_2026-09-16,RH 371,HKC,2026-09-16,08:05,SIN,,,departure,2026-09-14T14:20:03+08:00
CX 2075_2026-09-16,CX 2075,CPA,2026-09-16,08:15,SIN,,,departure,2026-09-14T14:20:03+08:00
3S 515_2026-09-16,3S 515,BOX,2026-09-16,08:30,LEJ,,,departure,2026-09-14T14:20:03+08:00
EK 9861_2026-09-16,EK 9861,UAE,2026-09-16,08:40,DWC,Est at 08:55,,departure,2026-09-14T14:20:03+08:00
KJ 952_2026-09-16,KJ 952,AIH,2026-09-16,09:20,ICN,,,departure,2026-09-14T14:20:03+08:00
QR 8403_2026-09-16,QR 8403,QTR,2026-09-16,09:35,DOH,,,departure,2026-09-14T14:20:03+08:00
RH 709_2026-09-16,RH 709,HKC,2026-09-16,09:50,DRW,,,departure,2026-09-14T14:20:03+08:00
QY 657_2026-09-16,QY 657,BCS,2026-09-16,09:50,"GYD,LEJ",,,departure,2026-09-14T14:20:03+08:00
O3 268_2026-09-16,O3 268,CSS,2026-09-16,09:55,NGB,,,departure,2026-09-14T14:20:03+08:00
CX 3408_2026-09-16,CX 3408,CPA,2026-09-16,10:05,"ANC,NLU,GDL",,,departure,2026-09-14T14:20:03+08:00
5X 067_2026-09-16,5X 067,UPS,2026-09-16,10:15,"ANC,SDF",,,departure,2026-09-14T14:20:03+08:00
CX 3174_2026-09-16,CX 3174,CPA,2026-09-16,10:25,"ANC,MIA,ATL",,,departure,2026-09-14T14:20:03+08:00
CX 3241_2026-09-16,CX 3241,CPA,2026-09-16,10:45,CGK,,,departure,2026-09-14T14:20:03+08:00
EK 9025_2026-09-16,EK 9025,UAE,2026-09-16,10:55,DWC,,,departure,2026-09-14T14:20:03+08:00
5X 003_2026-09-16,5X 003,UPS,2026-09-16,11:25,"BLR,CGN,PHL",,,departure,2026-09-14T14:20:03+08:00
T8 4728_2026-09-16,T8 4728,TVR,2026-09-16,12:00,DMM,,,departure,2026-09-14T14:20:03+08:00
CX 3745_2026-09-16,CX 3745,CPA,2026-09-16,12:00,BOM,,,departure,2026-09-14T14:20:03+08:00
3V 400_2026-09-16,3V 400,TAY,2026-09-16,12:25,"DWC,LGG",,,departure,2026-09-14T14:20:03+08:00
5Y 8131_2026-09-16,5Y 8131,GTI,2026-09-16,12:40,DEL,,,departure,2026-09-14T14:20:03+08:00
CV 261_2026-09-16,CV 261,CLX,2026-09-16,13:00,"ANC,JFK",,,departure,2026-09-14T14:20:03+08:00
TK 6237_2026-09-16,TK 6237,THY,2026-09-16,13:15,IST,,,departure,2026-09-14T14:20:03+08:00
CX 3294_2026-09-16,CX 3294,CPA,2026-09-16,13:30,"ANC,JFK",,,departure,2026-09-14T14:20:03+08:00
EK 9781_2026-09-16,EK 9781,UAE,2026-09-16,13:35,DWC,,,departure,2026-09-14T14:20:03+08:00
KJ 970_2026-09-16,KJ 970,AIH,2026-09-16,14:00,ICN,,,departure,2026-09-14T14:20:03+08:00
RH 9487_2026-09-16,RH 9487,HKC,2026-09-16,14:00,"ALA,IST",,,departure,2026-09-14T14:20:03+08:00
K4 557_2026-09-16,K4 557,CKS,2026-09-16,14:15,"NRT,ORD",,,departure,2026-09-14T14:20:03+08:00
WW 862_2026-09-16,WW 862,KXP,2026-09-16,14:45,KUL,,,departure,2026-09-14T14:20:03+08:00
QR 8465_2026-09-16,QR 8465,QTR,2026-09-16,14:50,DOH,,,departure,2026-09-14T14:20:03+08:00
SR 815_2026-09-16,SR 815,XKY,2026-09-16,15:15,CRK,,,departure,2026-09-14T14:20:03+08:00
KZ 206_2026-09-16,KZ 206,NCA,2026-09-16,15:30,NRT,,,departure,2026-09-14T14:20:03+08:00
EK 9239_2026-09-16,EK 9239,UAE,2026-09-16,15:35,DWC,,,departure,2026-09-14T14:20:03+08:00
5X 001_2026-09-16,5X 001,UPS,2026-09-16,15:40,"CGN,PHL",,,departure,2026-09-14T14:20:03+08:00
EY 9726_2026-09-16,EY 9726,ETD,2026-09-16,15:50,AUH,,,departure,2026-09-14T14:20:03+08:00
5X 166_2026-09-16,5X 166,UPS,2026-09-16,16:00,"SIN,SDF",,,departure,2026-09-14T14:20:03+08:00
5X 061_2026-09-16,5X 061,UPS,2026-09-16,16:05,"TPE,ANC,SDF",,,departure,2026-09-14T14:20:03+08:00
P9 881_2026-09-16,P9 881,MGE,2026-09-16,16:10,GUM,,,departure,2026-09-14T14:20:03+08:00
ET 3629_2026-09-16,ET 3629,ETH,2026-09-16,16:15,ADD,,,departure,2026-09-14T14:20:03+08:00
CX 3037_2026-09-16,CX 3037,CPA,2026-09-16,16:15,HAN,,,departure,2026-09-14T14:20:03+08:00
K4 270_2026-09-16,K4 270,CKS,2026-09-16,16:30,"GYD,LGG",,,departure,2026-09-14T14:20:03+08:00
3S 519_2026-09-16,3S 519,BOX,2026-09-16,17:00,LEJ,,,departure,2026-09-14T14:20:03+08:00
CX 041_2026-09-16,CX 041,CPA,2026-09-16,17:05,DEL,,,departure,2026-09-14T14:20:03+08:00
RH 9375_2026-09-16,RH 9375,HKC,2026-09-16,17:10,MAA,,,departure,2026-09-14T14:20:03+08:00
7L 923_2026-09-16,7L 923,AZG,2026-09-16,17:20,GYD,,,departure,2026-09-14T14:20:03+08:00
EK 9833_2026-09-16,EK 9833,UAE,2026-09-16,17:20,DWC,,,departure,2026-09-14T14:20:03+08:00
KE 8314_2026-09-16,KE 8314,KAL,2026-09-16,17:30,ICN,,,departure,2026-09-14T14:20:03+08:00
SQ 7988_2026-09-16,SQ 7988,SIA,2026-09-16,17:35,"ANC,LAX",,,departure,2026-09-14T14:20:03+08:00
TH 641_2026-09-16,TH 641,RMY,2026-09-16,17:55,KUL,,,departure,2026-09-14T14:20:03+08:00
RH 317_2026-09-16,RH 317,HKC,2026-09-16,18:00,HAN,,,departure,2026-09-14T14:20:03+08:00
F5 8816_2026-09-16,F5 8816,ATG,2026-09-16,18:00,"DWC,TLV",,,departure,2026-09-14T14:20:03+08:00
RH 9457_2026-09-16,RH 9457,HKC,2026-09-16,18:20,DEL,,,departure,2026-09-14T14:20:03+08:00
7L 1923_2026-09-16,7L 1923,AZG,2026-09-16,18:20,GYD,,,departure,2026-09-14T14:20:03+08:00
LH 8461_2026-09-16,LH 8461,GEC,2026-09-16,18:25,"IST,FRA",,,departure,2026-09-14T14:20:03+08:00
7L 624_2026-09-16,7L 624,AZG,2026-09-16,18:25,GYD,,,departure,2026-09-14T14:20:03+08:00
CV 2029_2026-09-16,CV 2029,CLX,2026-09-16,18:30,"ANC,ORD",,,departure,2026-09-14T14:20:03+08:00
5Y 825_2026-09-16,5Y 825,GTI,2026-09-16,18:35,"ANC,MIA",,,departure,2026-09-14T14:20:03+08:00
CX 3349_2026-09-16,CX 3349,CPA,2026-09-16,18:40,BKK,,,departure,2026-09-14T14:20:03+08:00
CV 245_2026-09-16,CV 245,CLX,2026-09-16,18:50,"ANC,NLU",,,departure,2026-09-14T14:20:03+08:00
5X 063_2026-09-16,5X 063,UPS,2026-09-16,19:05,"ANC,SDF",,,departure,2026-09-14T14:20:03+08:00
CT 161_2026-09-16,CT 161,AAE,2026-09-16,19:20,DWC,,,departure,2026-09-14T14:20:03+08:00
CI 6844_2026-09-16,CI 6844,CAL,2026-09-16,19:20,TPE,,,departure,2026-09-14T14:20:03+08:00
TK 6239_2026-09-16,TK 6239,THY,2026-09-16,19:25,"CIT,IST",,,departure,2026-09-14T14:20:03+08:00
SQ 7861_2026-09-16,SQ 7861,SIA,2026-09-16,19:30,SIN,,,departure,2026-09-14T14:20:03+08:00
MH 6103_2026-09-16,MH 6103,MAS,2026-09-16,19:40,KUL,,,departure,2026-09-14T14:20:03+08:00
AK 8546_2026-09-16,AK 8546,AXM,2026-09-16,19:45,KUL,,,departure,2026-09-14T14:20:03+08:00
FX 5991_2026-09-16,FX 5991,FDX,2026-09-16,19:50,"KIX,OAK",,,departure,2026-09-14T14:20:03+08:00
5X 059_2026-09-16,5X 059,UPS,2026-09-16,19:50,"ANC,ONT",,,departure,2026-09-14T14:20:03+08:00
CX 017_2026-09-16,CX 017,CPA,2026-09-16,20:00,MAA,,,departure,2026-09-14T14:20:03+08:00
CX 090_2026-09-16,CX 090,CPA,2026-09-16,20:50,"ANC,ORD",,,departure,2026-09-14T14:20:03+08:00
CI 5834_2026-09-16,CI 5834,CAL,2026-09-16,21:20,TPE,,,departure,2026-09-14T14:20:03+08:00
RH 351_2026-09-16,RH 351,HKC,2026-09-16,21:20,MNL,,,departure,2026-09-14T14:20:03+08:00
EK 9011_2026-09-16,EK 9011,UAE,2026-09-16,21:25,DWC,,,departure,2026-09-14T14:20:03+08:00
5X 055_2026-09-16,5X 055,UPS,2026-09-16,21:35,"ANC,SDF",,,departure,2026-09-14T14:20:03+08:00
D0 007_2026-09-16,D0 007,DHK,2026-09-16,21:40,"CVG,EMA",,,departure,2026-09-14T14:20:03+08:00
CV 531_2026-09-16,CV 531,CLX,2026-09-16,22:30,"ASB,LUX",,,departure,2026-09-14T14:20:03+08:00
CX 037_2026-09-16,CX 037,CPA,2026-09-16,23:20,"DEL,AMS",,,departure,2026-09-14T14:20:03+08:00
QR 8479_2026-09-16,QR 8479,QTR,2026-09-16,23:35,DOH,,,departure,2026-09-14T14:20:03+08:00
QF 7526_2026-09-16,QF 7526,QFA,2026-09-16,23:55,SYD,,,departure,2026-09-14T14:20:03+08:00
CX 050_2026-09-16,CX 050,CPA,2026-09-16,23:55,PVG,,,departure,2026-09-14T14:20:03+08:00
CX 2062_2026-09-16,CX 2062,CPA,2026-09-16,23:55,CTU,,,departure,2026-09-14T14:20:03+08:00
